architecture,profile,p,seed,epoch,train_rmspe,validation_rmspe,run_id
exact_shallow,none,0.0,101,0,24.535431367025918,2.3763520090529426,27b7e26fd39051d21b5c
exact_shallow,none,0.0,101,1,5.686931767011744,4.859324145185462,27b7e26fd39051d21b5c
exact_shallow,none,0.0,101,2,4.941895599063051,2.994324944522735,27b7e26fd39051d21b5c
exact_shallow,none,0.0,101,3,2.3740998646032585,0.3767136790161683,27b7e26fd39051d21b5c
exact_shallow,none,0.0,101,4,0.9927915697780407,0.5172393799254447,27b7e26fd39051d21b5c
exact_shallow,none,0.0,101,5,0.6040644411722815,0.3896290657137578,27b7e26fd39051d21b5c
exact_shallow,none,0.0,101,6,0.538788385373893,0.6563634764984049,27b7e26fd39051d21b5c
exact_shallow,none,0.0,101,7,0.5499228417708482,0.4896934170191304,27b7e26fd39051d21b5c
exact_shallow,none,0.0,101,8,0.4072140283501786,0.3501492121456202,27b7e26fd39051d21b5c
exact_shallow,none,0.0,101,9,0.38366801029244313,0.3413560476279841,27b7e26fd39051d21b5c
exact_shallow,none,0.0,101,10,0.36305971301896833,0.3565146321169154,27b7e26fd39051d21b5c
exact_shallow,none,0.0,101,11,0.3420886931042237,0.244453588427606,27b7e26fd39051d21b5c
exact_shallow,none,0.0,101,12,0.34081580667150285,0.2800179730467362,27b7e26fd39051d21b5c
exact_shallow,none,0.0,101,13,0.37373696549650554,0.19691443255831706,27b7e26fd39051d21b5c
exact_shallow,none,0.0,101,14,0.3429231016283661,0.22872369288168753,27b7e26fd39051d21b5c
exact_shallow,none,0.0,101,15,0.30266613561767475,0.361163810469643,27b7e26fd39051d21b5c
exact_shallow,none,0.0,101,16,0.30267976358242477,0.2171565437629092,27b7e26fd39051d21b5c
exact_shallow,none,0.0,101,17,0.29040271098358494,0.19711157690302977,27b7e26fd39051d21b5c
exact_shallow,none,0.0,101,18,0.27609578122189365,0.2821192215869042,27b7e26fd39051d21b5c
exact_shallow,none,0.0,101,19,0.26034026322048814,0.1886918049477193,27b7e26fd39051d21b5c
exact_shallow,none,0.0,101,20,0.24490959803827017,0.22969536991055525,27b7e26fd39051d21b5c
exact_shallow,none,0.0,101,21,0.2289841238566269,0.26499709741671057,27b7e26fd39051d21b5c
exact_shallow,none,0.0,101,22,0.22946104592005892,0.20878516412492854,27b7e26fd39051d21b5c
exact_shallow,none,0.0,101,23,0.2180348032430937,0.19022576767587057,27b7e26fd39051d21b5c
exact_shallow,none,0.0,101,24,0.21170502183495007,0.19178746132221164,27b7e26fd39051d21b5c
exact_shallow,none,0.0,101,25,0.20701258962643707,0.18460396541617524,27b7e26fd39051d21b5c
exact_shallow,none,0.0,101,26,0.2034109141503337,0.182458133097503,27b7e26fd39051d21b5c
exact_shallow,none,0.0,101,27,0.20054583042663324,0.1819700329724444,27b7e26fd39051d21b5c
exact_shallow,none,0.0,101,28,0.19787959148578993,0.1834246901995832,27b7e26fd39051d21b5c
exact_shallow,none,0.0,101,29,0.19724028036749508,0.18182510217622463,27b7e26fd39051d21b5c
exact_shallow,none,0.0,100,0,29.02868605899695,9.684982914517942,bf857cdc51feabf6d167
exact_shallow,none,0.0,100,1,6.1122438778642225,15.439453940730372,bf857cdc51feabf6d167
exact_shallow,none,0.0,100,2,5.570608616690485,1.758354753724704,bf857cdc51feabf6d167
exact_shallow,none,0.0,100,3,1.4355868150540916,0.6097458400086538,bf857cdc51feabf6d167
exact_shallow,none,0.0,100,4,0.7706348610676685,0.2403909453404777,bf857cdc51feabf6d167
exact_shallow,none,0.0,100,5,0.7060668431554789,0.23279596873525435,bf857cdc51feabf6d167
exact_shallow,none,0.0,100,6,0.7377254391603684,0.45060801658678185,bf857cdc51feabf6d167
exact_shallow,none,0.0,100,7,0.588771686021059,1.2698963071433753,bf857cdc51feabf6d167
exact_shallow,none,0.0,100,8,0.7347090274926525,0.4086089412043501,bf857cdc51feabf6d167
exact_shallow,none,0.0,100,9,0.5599153863948778,0.8155367122178262,bf857cdc51feabf6d167
exact_shallow,none,0.0,100,10,0.48714558210651493,0.46639134789861203,bf857cdc51feabf6d167
exact_shallow,none,0.0,100,11,0.5062880892171889,0.25826272460928146,bf857cdc51feabf6d167
exact_shallow,none,0.0,100,12,0.535630766761345,0.5707776494087884,bf857cdc51feabf6d167
exact_shallow,none,0.0,100,13,0.48279888261368636,0.23099432454190363,bf857cdc51feabf6d167
exact_shallow,none,0.0,100,14,0.45829340878632696,0.5708596222344391,bf857cdc51feabf6d167
exact_shallow,none,0.0,100,15,0.41916191604499364,0.2298659044375373,bf857cdc51feabf6d167
exact_shallow,none,0.0,100,16,0.3679402579577811,0.19074977387716976,bf857cdc51feabf6d167
exact_shallow,none,0.0,100,17,0.3552674161164245,0.3295266629297561,bf857cdc51feabf6d167
exact_shallow,none,0.0,100,18,0.3399394305749674,0.4448781566962664,bf857cdc51feabf6d167
exact_shallow,none,0.0,100,19,0.30576654868150915,0.21690840892459176,bf857cdc51feabf6d167
exact_shallow,none,0.0,100,20,0.29892662538391324,0.18373081658637447,bf857cdc51feabf6d167
exact_shallow,none,0.0,100,21,0.29628402028194945,0.1978115397591078,bf857cdc51feabf6d167
exact_shallow,none,0.0,100,22,0.2472950865556873,0.18341420107692671,bf857cdc51feabf6d167
exact_shallow,none,0.0,100,23,0.2412085111802798,0.19842164614451205,bf857cdc51feabf6d167
exact_shallow,none,0.0,100,24,0.22759719847305576,0.18372693287654374,bf857cdc51feabf6d167
exact_shallow,none,0.0,100,25,0.22083867403187377,0.18293637630148382,bf857cdc51feabf6d167
exact_shallow,none,0.0,100,26,0.21427320445185688,0.1866057151767121,bf857cdc51feabf6d167
exact_shallow,none,0.0,100,27,0.2062840392690202,0.18324062134254704,bf857cdc51feabf6d167
exact_shallow,none,0.0,100,28,0.20487237658261065,0.18277943053895038,bf857cdc51feabf6d167
exact_shallow,none,0.0,100,29,0.202808182296587,0.18297324346020322,bf857cdc51feabf6d167
exact_shallow,none,0.0,102,0,24.094264923229858,8.397974208852604,4387ad2f2b3d4bb5d3c2
exact_shallow,none,0.0,102,1,5.690006287779349,5.2597289260313325,4387ad2f2b3d4bb5d3c2
exact_shallow,none,0.0,102,2,5.372594934565243,2.5749416073128857,4387ad2f2b3d4bb5d3c2
exact_shallow,none,0.0,102,3,2.50078325782664,1.3319527971199583,4387ad2f2b3d4bb5d3c2
exact_shallow,none,0.0,102,4,0.7839561753089013,0.220311085254598,4387ad2f2b3d4bb5d3c2
exact_shallow,none,0.0,102,5,0.7101176224146297,0.3918057876624813,4387ad2f2b3d4bb5d3c2
exact_shallow,none,0.0,102,6,0.5833586857747596,0.4328660353847706,4387ad2f2b3d4bb5d3c2
exact_shallow,none,0.0,102,7,0.6324923565421966,0.5316102982538576,4387ad2f2b3d4bb5d3c2
exact_shallow,none,0.0,102,8,0.5931848507654339,0.6429690104097863,4387ad2f2b3d4bb5d3c2
exact_shallow,none,0.0,102,9,0.5577646945342397,0.3499251089409447,4387ad2f2b3d4bb5d3c2
exact_shallow,none,0.0,102,10,0.5186775276501923,0.22778545486044804,4387ad2f2b3d4bb5d3c2
exact_shallow,none,0.0,102,11,0.394821078823677,0.34817321537426477,4387ad2f2b3d4bb5d3c2
exact_shallow,none,0.0,102,12,0.3691052437306641,0.48556479137855096,4387ad2f2b3d4bb5d3c2
exact_shallow,none,0.0,102,13,0.38094140231025087,0.26777106639537623,4387ad2f2b3d4bb5d3c2
exact_shallow,none,0.0,102,14,0.3621677527223591,0.20360382682453346,4387ad2f2b3d4bb5d3c2
exact_shallow,none,0.0,102,15,0.3376201755775043,0.2618980717392001,4387ad2f2b3d4bb5d3c2
exact_shallow,none,0.0,102,16,0.324840472392506,0.25002706869201075,4387ad2f2b3d4bb5d3c2
exact_shallow,none,0.0,102,17,0.29632691214739015,0.289446303919459,4387ad2f2b3d4bb5d3c2
exact_shallow,none,0.0,102,18,0.2658956447067765,0.20334044780985672,4387ad2f2b3d4bb5d3c2
exact_shallow,none,0.0,102,19,0.2611074393121832,0.22440977680915802,4387ad2f2b3d4bb5d3c2
exact_shallow,none,0.0,102,20,0.2441898998198122,0.19645952085028162,4387ad2f2b3d4bb5d3c2
exact_shallow,none,0.0,102,21,0.23668154982574754,0.1882215955847083,4387ad2f2b3d4bb5d3c2
exact_shallow,none,0.0,102,22,0.226094687477959,0.19119462794679268,4387ad2f2b3d4bb5d3c2
exact_shallow,none,0.0,102,23,0.217539748607887,0.3147343134175217,4387ad2f2b3d4bb5d3c2
exact_shallow,none,0.0,102,24,0.21285843152999953,0.18538315813155795,4387ad2f2b3d4bb5d3c2
exact_shallow,none,0.0,102,25,0.2085503212033953,0.18324923988339142,4387ad2f2b3d4bb5d3c2
exact_shallow,none,0.0,102,26,0.20338643874178391,0.18664247943423987,4387ad2f2b3d4bb5d3c2
exact_shallow,none,0.0,102,27,0.20066338834068606,0.18533374946931852,4387ad2f2b3d4bb5d3c2
exact_shallow,none,0.0,102,28,0.1984439817781796,0.1820092279216522,4387ad2f2b3d4bb5d3c2
exact_shallow,none,0.0,102,29,0.19679605286650584,0.18294990049032964,4387ad2f2b3d4bb5d3c2
exact_shallow,uniform,0.025,100,0,30.36785535797358,2.910384551542457,47cbee2bc889ea09281f
exact_shallow,uniform,0.025,100,1,5.823883316705098,2.6331309354459416,47cbee2bc889ea09281f
exact_shallow,uniform,0.025,100,2,3.1634653926242784,0.31037734869919587,47cbee2bc889ea09281f
exact_shallow,uniform,0.025,100,3,0.7729968540448051,0.24285590411350386,47cbee2bc889ea09281f
exact_shallow,uniform,0.025,100,4,0.7333764170692212,0.6518632708868168,47cbee2bc889ea09281f
exact_shallow,uniform,0.025,100,5,0.6145813197344037,0.5386717727796096,47cbee2bc889ea09281f
exact_shallow,uniform,0.025,100,6,0.5024808221786097,0.24555743523336207,47cbee2bc889ea09281f
exact_shallow,uniform,0.025,100,7,0.5615652959887721,0.23504336074958246,47cbee2bc889ea09281f
exact_shallow,uniform,0.025,100,8,0.497475462263998,0.476762422538781,47cbee2bc889ea09281f
exact_shallow,uniform,0.025,100,9,0.528900487896969,0.6219896335387519,47cbee2bc889ea09281f
exact_shallow,uniform,0.025,100,10,0.418749507556188,0.33114450282977553,47cbee2bc889ea09281f
exact_shallow,uniform,0.025,100,11,0.45822953156303403,0.49103908451950445,47cbee2bc889ea09281f
exact_shallow,uniform,0.025,100,12,0.44688672177931843,0.9439913751592426,47cbee2bc889ea09281f
exact_shallow,uniform,0.025,100,13,0.4204193736526131,0.27626710575068053,47cbee2bc889ea09281f
exact_shallow,uniform,0.025,100,14,0.3945885034577324,0.6463203794365876,47cbee2bc889ea09281f
exact_shallow,uniform,0.025,100,15,0.37503710711960503,0.4295430245274338,47cbee2bc889ea09281f
exact_shallow,uniform,0.025,100,16,0.36142042618433295,0.1990717701938239,47cbee2bc889ea09281f
exact_shallow,uniform,0.025,100,17,0.3285921096758834,0.2026833638630028,47cbee2bc889ea09281f
exact_shallow,uniform,0.025,100,18,0.2962165594692002,0.350436480210535,47cbee2bc889ea09281f
exact_shallow,uniform,0.025,100,19,0.2809367948708083,0.2591290262258044,47cbee2bc889ea09281f
exact_shallow,uniform,0.025,100,20,0.27780063345111644,0.21744569625056226,47cbee2bc889ea09281f
exact_shallow,uniform,0.025,100,21,0.25274868103263376,0.19142850135433948,47cbee2bc889ea09281f
exact_shallow,uniform,0.025,100,22,0.2506402826863877,0.2061292978085117,47cbee2bc889ea09281f
exact_shallow,uniform,0.025,100,23,0.24455588607076406,0.21484208588646975,47cbee2bc889ea09281f
exact_shallow,uniform,0.025,100,24,0.2299635173493567,0.18520905893364623,47cbee2bc889ea09281f
exact_shallow,uniform,0.025,100,25,0.21774043846219182,0.18259335738942833,47cbee2bc889ea09281f
exact_shallow,uniform,0.025,100,26,0.21748327015243193,0.19347807413694534,47cbee2bc889ea09281f
exact_shallow,uniform,0.025,100,27,0.21008873813742177,0.18235629564739772,47cbee2bc889ea09281f
exact_shallow,uniform,0.025,100,28,0.20809209537272155,0.1824939906474651,47cbee2bc889ea09281f
exact_shallow,uniform,0.025,100,29,0.20728485885175746,0.18251185859201133,47cbee2bc889ea09281f
exact_shallow,none,0.0,103,0,24.66124259771769,5.499412802241474,511c9f92b917e982dfb2
exact_shallow,none,0.0,103,1,6.7948433024846535,4.966223860507466,511c9f92b917e982dfb2
exact_shallow,none,0.0,103,2,4.6710199347274495,1.1407327035390167,511c9f92b917e982dfb2
exact_shallow,none,0.0,103,3,1.5279605285253928,2.8343437865154546,511c9f92b917e982dfb2
exact_shallow,none,0.0,103,4,0.8389018817975339,0.5416293303228821,511c9f92b917e982dfb2
exact_shallow,none,0.0,103,5,0.6305241036108026,1.009774590809332,511c9f92b917e982dfb2
exact_shallow,none,0.0,103,6,0.672275027886766,0.4151173337406415,511c9f92b917e982dfb2
exact_shallow,none,0.0,103,7,0.5500307198273465,0.27924230527184507,511c9f92b917e982dfb2
exact_shallow,none,0.0,103,8,0.6147145394207555,0.3838193165827322,511c9f92b917e982dfb2
exact_shallow,none,0.0,103,9,0.5911376950807739,0.23196699795631573,511c9f92b917e982dfb2
exact_shallow,none,0.0,103,10,0.5797283533322091,0.2415842792087745,511c9f92b917e982dfb2
exact_shallow,none,0.0,103,11,0.46314051006934676,0.28774927191961414,511c9f92b917e982dfb2
exact_shallow,none,0.0,103,12,0.44567060655461743,0.2171494420103112,511c9f92b917e982dfb2
exact_shallow,none,0.0,103,13,0.37615181301916056,0.20693393167864033,511c9f92b917e982dfb2
exact_shallow,none,0.0,103,14,0.411014131902827,0.23969006896329104,511c9f92b917e982dfb2
exact_shallow,none,0.0,103,15,0.395496185686051,0.22546929576083455,511c9f92b917e982dfb2
exact_shallow,none,0.0,103,16,0.328261080039043,0.3369334844330757,511c9f92b917e982dfb2
exact_shallow,none,0.0,103,17,0.30247032151166126,0.22881018830977595,511c9f92b917e982dfb2
exact_shallow,none,0.0,103,18,0.2847025917627034,0.18785395890868387,511c9f92b917e982dfb2
exact_shallow,none,0.0,103,19,0.2883546124223879,0.20382529288238513,511c9f92b917e982dfb2
exact_shallow,none,0.0,103,20,0.27733254058624474,0.2504852213421523,511c9f92b917e982dfb2
exact_shallow,none,0.0,103,21,0.24492364295452235,0.1969219567100194,511c9f92b917e982dfb2
exact_shallow,none,0.0,103,22,0.2341228256083882,0.19704501818242928,511c9f92b917e982dfb2
exact_shallow,none,0.0,103,23,0.2225939189324886,0.2054182473607965,511c9f92b917e982dfb2
exact_shallow,none,0.0,103,24,0.2184540113067356,0.18439255001525467,511c9f92b917e982dfb2
exact_shallow,none,0.0,103,25,0.2106656570281169,0.192096776146815,511c9f92b917e982dfb2
exact_shallow,none,0.0,103,26,0.20353538060549842,0.18615693960866952,511c9f92b917e982dfb2
exact_shallow,none,0.0,103,27,0.20162456331852352,0.18412127143959922,511c9f92b917e982dfb2
exact_shallow,none,0.0,103,28,0.19815648845092812,0.18196647659475182,511c9f92b917e982dfb2
exact_shallow,none,0.0,103,29,0.1973175629324152,0.18359613379652945,511c9f92b917e982dfb2
exact_shallow,none,0.0,104,0,29.199765873357507,11.366651154363824,86de4f8ffb9df7b5a478
exact_shallow,none,0.0,104,1,6.966675661293742,15.693340624796832,86de4f8ffb9df7b5a478
exact_shallow,none,0.0,104,2,5.666818819541193,0.8856250179599955,86de4f8ffb9df7b5a478
exact_shallow,none,0.0,104,3,1.8122438896279083,0.7326503963611413,86de4f8ffb9df7b5a478
exact_shallow,none,0.0,104,4,0.7758816452831925,0.6263268485534854,86de4f8ffb9df7b5a478
exact_shallow,none,0.0,104,5,0.7718162435037076,1.3433496070555528,86de4f8ffb9df7b5a478
exact_shallow,none,0.0,104,6,0.6361312425745898,0.46363813913099006,86de4f8ffb9df7b5a478
exact_shallow,none,0.0,104,7,0.655460259136065,0.5488792206449942,86de4f8ffb9df7b5a478
exact_shallow,none,0.0,104,8,0.6141576646412409,0.34241947334142664,86de4f8ffb9df7b5a478
exact_shallow,none,0.0,104,9,0.5490733801587944,0.22618821414239562,86de4f8ffb9df7b5a478
exact_shallow,none,0.0,104,10,0.5616310220662019,0.5639958756194547,86de4f8ffb9df7b5a478
exact_shallow,none,0.0,104,11,0.49996900226260815,0.6326028332359113,86de4f8ffb9df7b5a478
exact_shallow,none,0.0,104,12,0.4942405233675653,0.2868968071618281,86de4f8ffb9df7b5a478
exact_shallow,none,0.0,104,13,0.43272565140532626,0.2550229152911052,86de4f8ffb9df7b5a478
exact_shallow,none,0.0,104,14,0.3961943384989835,0.21919781282241887,86de4f8ffb9df7b5a478
exact_shallow,none,0.0,104,15,0.3938393051856963,0.37515768379773856,86de4f8ffb9df7b5a478
exact_shallow,none,0.0,104,16,0.3599114250246005,0.25674705873643494,86de4f8ffb9df7b5a478
exact_shallow,none,0.0,104,17,0.3264285469106684,0.23624342587434388,86de4f8ffb9df7b5a478
exact_shallow,none,0.0,104,18,0.30922966581331474,0.4053840641530489,86de4f8ffb9df7b5a478
exact_shallow,none,0.0,104,19,0.28288128906587173,0.31028442941423084,86de4f8ffb9df7b5a478
exact_shallow,none,0.0,104,20,0.2542152874882986,0.35533912778710647,86de4f8ffb9df7b5a478
exact_shallow,none,0.0,104,21,0.25566324015733466,0.18872438502416075,86de4f8ffb9df7b5a478
exact_shallow,none,0.0,104,22,0.2494140287064534,0.21721470199741955,86de4f8ffb9df7b5a478
exact_shallow,none,0.0,104,23,0.23455498201126032,0.191182499202947,86de4f8ffb9df7b5a478
exact_shallow,none,0.0,104,24,0.22684224559379348,0.22313924220487966,86de4f8ffb9df7b5a478
exact_shallow,none,0.0,104,25,0.21624233798893308,0.1897404271614216,86de4f8ffb9df7b5a478
exact_shallow,none,0.0,104,26,0.20996966402863487,0.18915076790244675,86de4f8ffb9df7b5a478
exact_shallow,none,0.0,104,27,0.2054057328953423,0.1835243505532796,86de4f8ffb9df7b5a478
exact_shallow,none,0.0,104,28,0.20146937353235808,0.18328141234834647,86de4f8ffb9df7b5a478
exact_shallow,none,0.0,104,29,0.20009129551503252,0.18402655558718853,86de4f8ffb9df7b5a478
exact_shallow,uniform,0.025,103,0,26.52079002706685,5.492416681293794,f67db019f7fe1b82a610
exact_shallow,uniform,0.025,103,1,5.079815791900276,3.6644314178733755,f67db019f7fe1b82a610
exact_shallow,uniform,0.025,103,2,3.547578569554637,0.3717042739263429,f67db019f7fe1b82a610
exact_shallow,uniform,0.025,103,3,0.7913461963644889,0.2583386812851371,f67db019f7fe1b82a610
exact_shallow,uniform,0.025,103,4,0.6334734731908845,0.48740575112884865,f67db019f7fe1b82a610
exact_shallow,uniform,0.025,103,5,0.38365732019980414,0.3347751920303128,f67db019f7fe1b82a610
exact_shallow,uniform,0.025,103,6,0.5743444883527808,0.7271996583749429,f67db019f7fe1b82a610
exact_shallow,uniform,0.025,103,7,0.6210394667420964,0.27521469244441615,f67db019f7fe1b82a610
exact_shallow,uniform,0.025,103,8,0.5921726551408587,0.6758074771480578,f67db019f7fe1b82a610
exact_shallow,uniform,0.025,103,9,0.5599903848184846,0.2935421101542104,f67db019f7fe1b82a610
exact_shallow,uniform,0.025,103,10,0.52163657789535,0.6228910791866289,f67db019f7fe1b82a610
exact_shallow,uniform,0.025,103,11,0.4859126583210347,0.24610451475676887,f67db019f7fe1b82a610
exact_shallow,uniform,0.025,103,12,0.4515971966133135,0.5053450168301985,f67db019f7fe1b82a610
exact_shallow,uniform,0.025,103,13,0.41493456910525844,0.2239526215985522,f67db019f7fe1b82a610
exact_shallow,uniform,0.025,103,14,0.39606854509579276,0.333025687732889,f67db019f7fe1b82a610
exact_shallow,uniform,0.025,103,15,0.3471432124843072,0.18872305610890022,f67db019f7fe1b82a610
exact_shallow,uniform,0.025,103,16,0.33756365254301346,0.1963775093878527,f67db019f7fe1b82a610
exact_shallow,uniform,0.025,103,17,0.2952197283936557,0.2258473588124938,f67db019f7fe1b82a610
exact_shallow,uniform,0.025,103,18,0.27517647058697164,0.1863823499386991,f67db019f7fe1b82a610
exact_shallow,uniform,0.025,103,19,0.2709429154089761,0.1990954884225177,f67db019f7fe1b82a610
exact_shallow,uniform,0.025,103,20,0.25734380080552216,0.19994977478710127,f67db019f7fe1b82a610
exact_shallow,uniform,0.025,103,21,0.2650129859365819,0.1856072306942524,f67db019f7fe1b82a610
exact_shallow,uniform,0.025,103,22,0.24285391275348045,0.18393901953713546,f67db019f7fe1b82a610
exact_shallow,uniform,0.025,103,23,0.2465237681737094,0.19769863899438958,f67db019f7fe1b82a610
exact_shallow,uniform,0.025,103,24,0.22975779128641116,0.1829992513232643,f67db019f7fe1b82a610
exact_shallow,uniform,0.025,103,25,0.22597316053758576,0.1849050914131093,f67db019f7fe1b82a610
exact_shallow,uniform,0.025,103,26,0.22103717131994216,0.18540333431354436,f67db019f7fe1b82a610
exact_shallow,uniform,0.025,103,27,0.21736571511272262,0.1840064892189201,f67db019f7fe1b82a610
exact_shallow,uniform,0.025,103,28,0.21430894560162897,0.1826855738526764,f67db019f7fe1b82a610
exact_shallow,uniform,0.025,103,29,0.21201760561309543,0.1841631260642044,f67db019f7fe1b82a610
exact_shallow,uniform,0.025,104,0,30.975189351864074,3.1740773172492416,18fed1f7e7bc0755628e
exact_shallow,uniform,0.025,104,1,5.964554526516368,4.019007634721709,18fed1f7e7bc0755628e
exact_shallow,uniform,0.025,104,2,3.879002470114842,0.41345168072214816,18fed1f7e7bc0755628e
exact_shallow,uniform,0.025,104,3,0.9698621274865183,0.23108900278328734,18fed1f7e7bc0755628e
exact_shallow,uniform,0.025,104,4,0.6449807338647947,0.6549012393632603,18fed1f7e7bc0755628e
exact_shallow,uniform,0.025,104,5,0.4771120229630958,0.24432810945844827,18fed1f7e7bc0755628e
exact_shallow,uniform,0.025,104,6,0.4501615985345583,0.36685386657524777,18fed1f7e7bc0755628e
exact_shallow,uniform,0.025,104,7,0.4311843487076273,0.4357241129836914,18fed1f7e7bc0755628e
exact_shallow,uniform,0.025,104,8,0.41191329961606976,0.32319976066234724,18fed1f7e7bc0755628e
exact_shallow,uniform,0.025,104,9,0.3910490784693229,0.3801099420695527,18fed1f7e7bc0755628e
exact_shallow,uniform,0.025,104,10,0.5196017145457106,0.7327264033549563,18fed1f7e7bc0755628e
exact_shallow,uniform,0.025,104,11,0.4909296332693573,0.42790881636415523,18fed1f7e7bc0755628e
exact_shallow,uniform,0.025,104,12,0.48358840821097127,0.20010862918955807,18fed1f7e7bc0755628e
exact_shallow,uniform,0.025,104,13,0.42353023622919134,0.30821729280900984,18fed1f7e7bc0755628e
exact_shallow,uniform,0.025,104,14,0.40458678684721144,0.28657763175061696,18fed1f7e7bc0755628e
exact_shallow,uniform,0.025,104,15,0.40391284522433013,0.1939299912631563,18fed1f7e7bc0755628e
exact_shallow,uniform,0.025,104,16,0.3445218507730502,0.2555352810008902,18fed1f7e7bc0755628e
exact_shallow,uniform,0.025,104,17,0.3405664943540076,0.18855979076517362,18fed1f7e7bc0755628e
exact_shallow,uniform,0.025,104,18,0.30402721602854416,0.21644282401677042,18fed1f7e7bc0755628e
exact_shallow,uniform,0.025,104,19,0.2850414082525451,0.23977484533947732,18fed1f7e7bc0755628e
exact_shallow,uniform,0.025,104,20,0.26866262574370103,0.20621473980065919,18fed1f7e7bc0755628e
exact_shallow,uniform,0.025,104,21,0.2505649381228678,0.2275807131172412,18fed1f7e7bc0755628e
exact_shallow,uniform,0.025,104,22,0.2484552643716148,0.18769569789807958,18fed1f7e7bc0755628e
exact_shallow,uniform,0.025,104,23,0.23915462278725255,0.21458459284246884,18fed1f7e7bc0755628e
exact_shallow,uniform,0.025,104,24,0.23589885785475825,0.18952169723505877,18fed1f7e7bc0755628e
exact_shallow,uniform,0.025,104,25,0.22854313787613806,0.18759736270557395,18fed1f7e7bc0755628e
exact_shallow,uniform,0.025,104,26,0.21766426623550658,0.1859795264779542,18fed1f7e7bc0755628e
exact_shallow,uniform,0.025,104,27,0.2126268475340214,0.18439280225742422,18fed1f7e7bc0755628e
exact_shallow,uniform,0.025,104,28,0.20888481368364162,0.18271142163657916,18fed1f7e7bc0755628e
exact_shallow,uniform,0.025,104,29,0.20752204548809983,0.18343959739540402,18fed1f7e7bc0755628e
exact_shallow,uniform,0.025,102,0,26.882116808015432,8.371404959698445,5893d0217a4224c007b7
exact_shallow,uniform,0.025,102,1,5.648140570182814,2.451952536756423,5893d0217a4224c007b7
exact_shallow,uniform,0.025,102,2,2.7533180102383104,1.5632998861251721,5893d0217a4224c007b7
exact_shallow,uniform,0.025,102,3,0.6795816266792032,0.6968650532242128,5893d0217a4224c007b7
exact_shallow,uniform,0.025,102,4,0.5180343773063654,0.3650886585186163,5893d0217a4224c007b7
exact_shallow,uniform,0.025,102,5,0.7001120206912206,0.8167386531436235,5893d0217a4224c007b7
exact_shallow,uniform,0.025,102,6,0.6564330300243356,0.2614668468810716,5893d0217a4224c007b7
exact_shallow,uniform,0.025,102,7,0.47249891760954305,0.4220613087878058,5893d0217a4224c007b7
exact_shallow,uniform,0.025,102,8,0.41540862555939084,0.4570314067235978,5893d0217a4224c007b7
exact_shallow,uniform,0.025,102,9,0.4030239643390154,0.2810335938517693,5893d0217a4224c007b7
exact_shallow,uniform,0.025,102,10,0.4554621607710909,0.22017964891740882,5893d0217a4224c007b7
exact_shallow,uniform,0.025,102,11,0.4873219089104438,0.450697181080931,5893d0217a4224c007b7
exact_shallow,uniform,0.025,102,12,0.44412427085242345,0.32126227017757275,5893d0217a4224c007b7
exact_shallow,uniform,0.025,102,13,0.41148966143268095,0.37701838625135736,5893d0217a4224c007b7
exact_shallow,uniform,0.025,102,14,0.34726579616202924,0.26980432004183824,5893d0217a4224c007b7
exact_shallow,uniform,0.025,102,15,0.34484063875045984,0.34200987384925086,5893d0217a4224c007b7
exact_shallow,uniform,0.025,102,16,0.31222974902208067,0.22364414449060527,5893d0217a4224c007b7
exact_shallow,uniform,0.025,102,17,0.31885539498476795,0.21363478956311047,5893d0217a4224c007b7
exact_shallow,uniform,0.025,102,18,0.27561982593315126,0.20496525663600626,5893d0217a4224c007b7
exact_shallow,uniform,0.025,102,19,0.270295711476063,0.19608445024220258,5893d0217a4224c007b7
exact_shallow,uniform,0.025,102,20,0.2607595021840947,0.2106043345801568,5893d0217a4224c007b7
exact_shallow,uniform,0.025,102,21,0.25245665883427265,0.24002104848939282,5893d0217a4224c007b7
exact_shallow,uniform,0.025,102,22,0.2480150429566151,0.2054181680495871,5893d0217a4224c007b7
exact_shallow,uniform,0.025,102,23,0.24983559720209922,0.18417680911917114,5893d0217a4224c007b7
exact_shallow,uniform,0.025,102,24,0.22879881826089418,0.18512465924770105,5893d0217a4224c007b7
exact_shallow,uniform,0.025,102,25,0.21835117622985917,0.1886443819287239,5893d0217a4224c007b7
exact_shallow,uniform,0.025,102,26,0.21199474346920713,0.18160036482034572,5893d0217a4224c007b7
exact_shallow,uniform,0.025,102,27,0.20768256127157422,0.18329934484436097,5893d0217a4224c007b7
exact_shallow,uniform,0.025,102,28,0.20583531763346127,0.18179548823013028,5893d0217a4224c007b7
exact_shallow,uniform,0.025,102,29,0.2047564494985832,0.18229798787996282,5893d0217a4224c007b7
exact_shallow,uniform,0.025,101,0,25.76930335388972,4.438265445260019,e8d2f54d85b9a32bf1f8
exact_shallow,uniform,0.025,101,1,5.020345580106122,8.533611307592391,e8d2f54d85b9a32bf1f8
exact_shallow,uniform,0.025,101,2,2.993676436537974,0.518068968879877,e8d2f54d85b9a32bf1f8
exact_shallow,uniform,0.025,101,3,0.7863545827135638,0.7587123102429713,e8d2f54d85b9a32bf1f8
exact_shallow,uniform,0.025,101,4,0.6315549955098246,0.41800173066886676,e8d2f54d85b9a32bf1f8
exact_shallow,uniform,0.025,101,5,0.6321194623302203,0.25770473967407953,e8d2f54d85b9a32bf1f8
exact_shallow,uniform,0.025,101,6,0.5407771820840902,0.6275408850951043,e8d2f54d85b9a32bf1f8
exact_shallow,uniform,0.025,101,7,0.45584039203091137,0.3481553878476148,e8d2f54d85b9a32bf1f8
exact_shallow,uniform,0.025,101,8,0.5050876034356795,0.44173873481213716,e8d2f54d85b9a32bf1f8
exact_shallow,uniform,0.025,101,9,0.5556539441722763,0.6239175008340511,e8d2f54d85b9a32bf1f8
exact_shallow,uniform,0.025,101,10,0.519802533868068,0.3742189519188128,e8d2f54d85b9a32bf1f8
exact_shallow,uniform,0.025,101,11,0.490189070250573,0.418189354667887,e8d2f54d85b9a32bf1f8
exact_shallow,uniform,0.025,101,12,0.41624688298233675,0.7666543251661441,e8d2f54d85b9a32bf1f8
exact_shallow,uniform,0.025,101,13,0.3296343656373272,0.32410822125417016,e8d2f54d85b9a32bf1f8
exact_shallow,uniform,0.025,101,14,0.35832256020109177,0.36358816378685466,e8d2f54d85b9a32bf1f8
exact_shallow,uniform,0.025,101,15,0.338769982800532,0.19945056819408585,e8d2f54d85b9a32bf1f8
exact_shallow,uniform,0.025,101,16,0.3384520278548375,0.2844764768205977,e8d2f54d85b9a32bf1f8
exact_shallow,uniform,0.025,101,17,0.29967920044506824,0.1988242939799904,e8d2f54d85b9a32bf1f8
exact_shallow,uniform,0.025,101,18,0.27731278326509556,0.26902131387411865,e8d2f54d85b9a32bf1f8
exact_shallow,uniform,0.025,101,19,0.27654408656478274,0.3040207709307275,e8d2f54d85b9a32bf1f8
exact_shallow,uniform,0.025,101,20,0.25625702782210563,0.18273924917208523,e8d2f54d85b9a32bf1f8
exact_shallow,uniform,0.025,101,21,0.25069333319385634,0.1885547149977179,e8d2f54d85b9a32bf1f8
exact_shallow,uniform,0.025,101,22,0.2467101363927411,0.27438383799951327,e8d2f54d85b9a32bf1f8
exact_shallow,uniform,0.025,101,23,0.2332649392712966,0.18367861097298843,e8d2f54d85b9a32bf1f8
exact_shallow,uniform,0.025,101,24,0.22196544937621218,0.18464774812007656,e8d2f54d85b9a32bf1f8
exact_shallow,uniform,0.025,101,25,0.21955110949942855,0.18493091537116924,e8d2f54d85b9a32bf1f8
exact_shallow,uniform,0.025,101,26,0.2122985317154822,0.18827983404076462,e8d2f54d85b9a32bf1f8
exact_shallow,uniform,0.025,101,27,0.20991319688712448,0.1845428252398758,e8d2f54d85b9a32bf1f8
exact_shallow,uniform,0.025,101,28,0.20788684413770386,0.18211503687741804,e8d2f54d85b9a32bf1f8
exact_shallow,uniform,0.025,101,29,0.2068978102573005,0.18202032785768427,e8d2f54d85b9a32bf1f8
exact_shallow,early,0.025,103,0,25.974628124637864,4.1497368627158275,01d3b17590c647d6a65a
exact_shallow,early,0.025,103,1,6.624589377616912,2.429204994131608,01d3b17590c647d6a65a
exact_shallow,early,0.025,103,2,4.826983444150348,1.324532561852321,01d3b17590c647d6a65a
exact_shallow,early,0.025,103,3,1.9244001973848655,1.5629452292373924,01d3b17590c647d6a65a
exact_shallow,early,0.025,103,4,0.7148147018463034,0.5477171332438099,01d3b17590c647d6a65a
exact_shallow,early,0.025,103,5,0.7130838166889327,0.6961058477822688,01d3b17590c647d6a65a
exact_shallow,early,0.025,103,6,0.6905687963204504,0.31020933436281384,01d3b17590c647d6a65a
exact_shallow,early,0.025,103,7,0.6637847490261211,0.23631468979651657,01d3b17590c647d6a65a
exact_shallow,early,0.025,103,8,0.6459214109248627,0.5527831301849206,01d3b17590c647d6a65a
exact_shallow,early,0.025,103,9,0.6214905842956655,0.678964746581023,01d3b17590c647d6a65a
exact_shallow,early,0.025,103,10,0.5410407492956092,1.1059698562841875,01d3b17590c647d6a65a
exact_shallow,early,0.025,103,11,0.5391253247849528,0.26892994076677784,01d3b17590c647d6a65a
exact_shallow,early,0.025,103,12,0.49045984953949767,0.20432383677164148,01d3b17590c647d6a65a
exact_shallow,early,0.025,103,13,0.4493132078507664,0.8870387106415565,01d3b17590c647d6a65a
exact_shallow,early,0.025,103,14,0.4250231938727424,0.33049223335420014,01d3b17590c647d6a65a
exact_shallow,early,0.025,103,15,0.387226281637842,0.23700120834519967,01d3b17590c647d6a65a
exact_shallow,early,0.025,103,16,0.3891462203262717,0.20514542368387206,01d3b17590c647d6a65a
exact_shallow,early,0.025,103,17,0.32469198814786926,0.22454341406713815,01d3b17590c647d6a65a
exact_shallow,early,0.025,103,18,0.33233173987210635,0.1859043966152794,01d3b17590c647d6a65a
exact_shallow,early,0.025,103,19,0.27812593652534323,0.19537522929848827,01d3b17590c647d6a65a
exact_shallow,early,0.025,103,20,0.2667036164746481,0.1992504906330067,01d3b17590c647d6a65a
exact_shallow,early,0.025,103,21,0.2569253176813882,0.20564023034001763,01d3b17590c647d6a65a
exact_shallow,early,0.025,103,22,0.2505296201378798,0.18348371321874052,01d3b17590c647d6a65a
exact_shallow,early,0.025,103,23,0.2390169298241584,0.21539296752905718,01d3b17590c647d6a65a
exact_shallow,early,0.025,103,24,0.238135484203093,0.210130052710061,01d3b17590c647d6a65a
exact_shallow,early,0.025,103,25,0.21565796828295034,0.19052808130320395,01d3b17590c647d6a65a
exact_shallow,early,0.025,103,26,0.21080038085999692,0.18296714126212832,01d3b17590c647d6a65a
exact_shallow,early,0.025,103,27,0.20855993522711969,0.1821752521362815,01d3b17590c647d6a65a
exact_shallow,early,0.025,103,28,0.20393577596865048,0.1823637103077124,01d3b17590c647d6a65a
exact_shallow,early,0.025,103,29,0.20300704001661476,0.18316245805899886,01d3b17590c647d6a65a
exact_shallow,early,0.025,102,0,25.494625567297962,4.820571813341533,36ffcd4851887c1a38c2
exact_shallow,early,0.025,102,1,5.624593907438982,1.9683147643071786,36ffcd4851887c1a38c2
exact_shallow,early,0.025,102,2,4.989560693156875,2.2858884504402024,36ffcd4851887c1a38c2
exact_shallow,early,0.025,102,3,2.2026745243835575,0.5552779479474367,36ffcd4851887c1a38c2
exact_shallow,early,0.025,102,4,0.8095901807219247,0.39928980164143363,36ffcd4851887c1a38c2
exact_shallow,early,0.025,102,5,0.6533980188074757,0.6274571602806773,36ffcd4851887c1a38c2
exact_shallow,early,0.025,102,6,0.5827297575713986,0.2057154884542912,36ffcd4851887c1a38c2
exact_shallow,early,0.025,102,7,0.5475714707087015,0.2146039141087781,36ffcd4851887c1a38c2
exact_shallow,early,0.025,102,8,0.5629802743962358,0.6897116619529535,36ffcd4851887c1a38c2
exact_shallow,early,0.025,102,9,0.48827714469264866,0.3412693532343669,36ffcd4851887c1a38c2
exact_shallow,early,0.025,102,10,0.4070022517092458,0.25040409470690456,36ffcd4851887c1a38c2
exact_shallow,early,0.025,102,11,0.34135455613149435,0.24998641345786624,36ffcd4851887c1a38c2
exact_shallow,early,0.025,102,12,0.3254502778749809,0.30678956606453406,36ffcd4851887c1a38c2
exact_shallow,early,0.025,102,13,0.38517762333545935,0.36958952860330774,36ffcd4851887c1a38c2
exact_shallow,early,0.025,102,14,0.34496490851953,0.2939487846496193,36ffcd4851887c1a38c2
exact_shallow,early,0.025,102,15,0.2866795114417607,0.24580852755994784,36ffcd4851887c1a38c2
exact_shallow,early,0.025,102,16,0.2947110719712852,0.3030334208649449,36ffcd4851887c1a38c2
exact_shallow,early,0.025,102,17,0.3059303076366566,0.2963326484922009,36ffcd4851887c1a38c2
exact_shallow,early,0.025,102,18,0.27783641526908165,0.24368584448783845,36ffcd4851887c1a38c2
exact_shallow,early,0.025,102,19,0.26788261777448563,0.23235745256029577,36ffcd4851887c1a38c2
exact_shallow,early,0.025,102,20,0.2484636954030389,0.3256569566441767,36ffcd4851887c1a38c2
exact_shallow,early,0.025,102,21,0.2441446499075663,0.18626301681031882,36ffcd4851887c1a38c2
exact_shallow,early,0.025,102,22,0.227571191389604,0.1895578345605968,36ffcd4851887c1a38c2
exact_shallow,early,0.025,102,23,0.22669477558849693,0.190190695520384,36ffcd4851887c1a38c2
exact_shallow,early,0.025,102,24,0.21616967484775101,0.19727091688427167,36ffcd4851887c1a38c2
exact_shallow,early,0.025,102,25,0.20612973389531278,0.1862698201938024,36ffcd4851887c1a38c2
exact_shallow,early,0.025,102,26,0.20370020212913223,0.18253535920543365,36ffcd4851887c1a38c2
exact_shallow,early,0.025,102,27,0.20072948731230586,0.18177210515249237,36ffcd4851887c1a38c2
exact_shallow,early,0.025,102,28,0.19911099431725565,0.18193839368899486,36ffcd4851887c1a38c2
exact_shallow,early,0.025,102,29,0.1976242114189769,0.18214755241888664,36ffcd4851887c1a38c2
exact_shallow,early,0.025,101,0,24.514580602960063,1.9961819052173193,a60f33037ff0b59b8311
exact_shallow,early,0.025,101,1,5.260662140005467,4.878058194347727,a60f33037ff0b59b8311
exact_shallow,early,0.025,101,2,5.836970827599731,2.590446468322764,a60f33037ff0b59b8311
exact_shallow,early,0.025,101,3,2.4302037620069123,1.5808517742155792,a60f33037ff0b59b8311
exact_shallow,early,0.025,101,4,0.85833207969943,1.027174100507283,a60f33037ff0b59b8311
exact_shallow,early,0.025,101,5,0.7247618091743909,0.22414094324317574,a60f33037ff0b59b8311
exact_shallow,early,0.025,101,6,0.6450161205987184,0.39352098556962645,a60f33037ff0b59b8311
exact_shallow,early,0.025,101,7,0.5758146583724545,0.275415945716091,a60f33037ff0b59b8311
exact_shallow,early,0.025,101,8,0.4322377872893313,0.24001971633461364,a60f33037ff0b59b8311
exact_shallow,early,0.025,101,9,0.3884091710231911,0.34855700861691186,a60f33037ff0b59b8311
exact_shallow,early,0.025,101,10,0.3646108727502621,0.33827111985807046,a60f33037ff0b59b8311
exact_shallow,early,0.025,101,11,0.3415869003430003,0.24490582492395335,a60f33037ff0b59b8311
exact_shallow,early,0.025,101,12,0.3249890234338224,0.486713322823932,a60f33037ff0b59b8311
exact_shallow,early,0.025,101,13,0.3663116534113925,0.5937698411483613,a60f33037ff0b59b8311
exact_shallow,early,0.025,101,14,0.36319075408218193,0.2570651052112158,a60f33037ff0b59b8311
exact_shallow,early,0.025,101,15,0.3247984052627729,0.19175815365620041,a60f33037ff0b59b8311
exact_shallow,early,0.025,101,16,0.28416724808215427,0.31424532793227644,a60f33037ff0b59b8311
exact_shallow,early,0.025,101,17,0.3011362123535577,0.18742531668739648,a60f33037ff0b59b8311
exact_shallow,early,0.025,101,18,0.2718856071545505,0.3455838863650726,a60f33037ff0b59b8311
exact_shallow,early,0.025,101,19,0.2524091904243205,0.27411597558161827,a60f33037ff0b59b8311
exact_shallow,early,0.025,101,20,0.249398406275573,0.1871471238000205,a60f33037ff0b59b8311
exact_shallow,early,0.025,101,21,0.24127013921434426,0.18690449537764622,a60f33037ff0b59b8311
exact_shallow,early,0.025,101,22,0.2377257834306304,0.26838463878067853,a60f33037ff0b59b8311
exact_shallow,early,0.025,101,23,0.2239472537482102,0.19732795149984392,a60f33037ff0b59b8311
exact_shallow,early,0.025,101,24,0.21466735190290293,0.18941236736387168,a60f33037ff0b59b8311
exact_shallow,early,0.025,101,25,0.2098061611171839,0.18389563134612213,a60f33037ff0b59b8311
exact_shallow,early,0.025,101,26,0.2050326029709869,0.18180688628209815,a60f33037ff0b59b8311
exact_shallow,early,0.025,101,27,0.20198993339567503,0.18142889062151757,a60f33037ff0b59b8311
exact_shallow,early,0.025,101,28,0.19985846173578733,0.1823866477542036,a60f33037ff0b59b8311
exact_shallow,early,0.025,101,29,0.19913066005483585,0.18132854329254808,a60f33037ff0b59b8311
exact_shallow,early,0.025,100,0,30.04246879861153,3.169024153892733,9f50ff16eb54aedcec43
exact_shallow,early,0.025,100,1,5.572102264119348,5.998917466342136,9f50ff16eb54aedcec43
exact_shallow,early,0.025,100,2,5.622821388641973,1.6833505783790943,9f50ff16eb54aedcec43
exact_shallow,early,0.025,100,3,1.8196320049789332,0.391426011751145,9f50ff16eb54aedcec43
exact_shallow,early,0.025,100,4,0.8378524945335114,0.9263669894111685,9f50ff16eb54aedcec43
exact_shallow,early,0.025,100,5,0.6718365704634435,0.3785270630874276,9f50ff16eb54aedcec43
exact_shallow,early,0.025,100,6,0.6767430697500896,1.701708581079004,9f50ff16eb54aedcec43
exact_shallow,early,0.025,100,7,0.4320608226637008,0.40952695436270514,9f50ff16eb54aedcec43
exact_shallow,early,0.025,100,8,0.5703703666634673,0.22411684796974138,9f50ff16eb54aedcec43
exact_shallow,early,0.025,100,9,0.42754180764422955,0.2830339298894791,9f50ff16eb54aedcec43
exact_shallow,early,0.025,100,10,0.40481659943868303,0.2432513945226125,9f50ff16eb54aedcec43
exact_shallow,early,0.025,100,11,0.4182307509932337,0.2291496108530456,9f50ff16eb54aedcec43
exact_shallow,early,0.025,100,12,0.4350279750634147,0.4764539209774703,9f50ff16eb54aedcec43
exact_shallow,early,0.025,100,13,0.38216526367405707,0.1930659256360223,9f50ff16eb54aedcec43
exact_shallow,early,0.025,100,14,0.37675951057690965,0.25000129074160826,9f50ff16eb54aedcec43
exact_shallow,early,0.025,100,15,0.3541878893458675,0.3643145383529853,9f50ff16eb54aedcec43
exact_shallow,early,0.025,100,16,0.30057177684275455,0.27865665014996827,9f50ff16eb54aedcec43
exact_shallow,early,0.025,100,17,0.28259435562803165,0.23082034423379658,9f50ff16eb54aedcec43
exact_shallow,early,0.025,100,18,0.26754497827519275,0.20711853956276455,9f50ff16eb54aedcec43
exact_shallow,early,0.025,100,19,0.24663053560416795,0.22394351015147987,9f50ff16eb54aedcec43
exact_shallow,early,0.025,100,20,0.24612908530917624,0.2542190947573683,9f50ff16eb54aedcec43
exact_shallow,early,0.025,100,21,0.23936440493843145,0.1823666571074919,9f50ff16eb54aedcec43
exact_shallow,early,0.025,100,22,0.2334997661025063,0.20083576386395727,9f50ff16eb54aedcec43
exact_shallow,early,0.025,100,23,0.2189138295691022,0.18181350762558363,9f50ff16eb54aedcec43
exact_shallow,early,0.025,100,24,0.21590288898479648,0.2207026505665264,9f50ff16eb54aedcec43
exact_shallow,early,0.025,100,25,0.21094594442948397,0.1818915289578194,9f50ff16eb54aedcec43
exact_shallow,early,0.025,100,26,0.20809777497542403,0.18286460626688528,9f50ff16eb54aedcec43
exact_shallow,early,0.025,100,27,0.2018471311580852,0.18505028855516964,9f50ff16eb54aedcec43
exact_shallow,early,0.025,100,28,0.20055909220348,0.181712455139254,9f50ff16eb54aedcec43
exact_shallow,early,0.025,100,29,0.1990364873457074,0.18168996293488054,9f50ff16eb54aedcec43
exact_shallow,late,0.025,102,0,26.617956660841784,7.83074980095717,356277b6fdfb348e859c
exact_shallow,late,0.025,102,1,4.531555616792255,2.5039308486445924,356277b6fdfb348e859c
exact_shallow,late,0.025,102,2,2.4144552344757533,0.4600728787084532,356277b6fdfb348e859c
exact_shallow,late,0.025,102,3,0.7893003636195846,0.30988309046801926,356277b6fdfb348e859c
exact_shallow,late,0.025,102,4,0.734450335295862,0.38602926974249874,356277b6fdfb348e859c
exact_shallow,late,0.025,102,5,0.7673268302859613,0.34006928629312166,356277b6fdfb348e859c
exact_shallow,late,0.025,102,6,0.6467510703989527,1.0631937716754964,356277b6fdfb348e859c
exact_shallow,late,0.025,102,7,0.7063708863836294,0.7520073491387617,356277b6fdfb348e859c
exact_shallow,late,0.025,102,8,0.5690862073740727,0.3197708808344971,356277b6fdfb348e859c
exact_shallow,late,0.025,102,9,0.5540675709084887,0.21960815125890024,356277b6fdfb348e859c
exact_shallow,late,0.025,102,10,0.5538851151374075,0.3078905856878776,356277b6fdfb348e859c
exact_shallow,late,0.025,102,11,0.48930744466589765,0.3219085018454366,356277b6fdfb348e859c
exact_shallow,late,0.025,102,12,0.4626631157526365,0.34913198807835005,356277b6fdfb348e859c
exact_shallow,late,0.025,102,13,0.4465835858682033,0.2621238617775018,356277b6fdfb348e859c
exact_shallow,late,0.025,102,14,0.4107923587590262,0.4906239834652518,356277b6fdfb348e859c
exact_shallow,late,0.025,102,15,0.38349688044577246,0.22048125891340262,356277b6fdfb348e859c
exact_shallow,late,0.025,102,16,0.3686655983496345,0.21971744716805622,356277b6fdfb348e859c
exact_shallow,late,0.025,102,17,0.3569513510136672,0.26595239910657564,356277b6fdfb348e859c
exact_shallow,late,0.025,102,18,0.3415800957618408,0.24316388988795407,356277b6fdfb348e859c
exact_shallow,late,0.025,102,19,0.3157618367042872,0.23523012235334523,356277b6fdfb348e859c
exact_shallow,late,0.025,102,20,0.3011506388009266,0.23624052719837613,356277b6fdfb348e859c
exact_shallow,late,0.025,102,21,0.27891593559228356,0.19887484891811907,356277b6fdfb348e859c
exact_shallow,late,0.025,102,22,0.27137864363558023,0.21706695816217927,356277b6fdfb348e859c
exact_shallow,late,0.025,102,23,0.25966600664376477,0.20784503725657252,356277b6fdfb348e859c
exact_shallow,late,0.025,102,24,0.2474355835697906,0.18899607205853933,356277b6fdfb348e859c
exact_shallow,late,0.025,102,25,0.2387037999570326,0.19302028468916801,356277b6fdfb348e859c
exact_shallow,late,0.025,102,26,0.2354413993436381,0.18454079964169556,356277b6fdfb348e859c
exact_shallow,late,0.025,102,27,0.2264782264750709,0.1878893051869034,356277b6fdfb348e859c
exact_shallow,late,0.025,102,28,0.2171426605082772,0.1835551895990028,356277b6fdfb348e859c
exact_shallow,late,0.025,102,29,0.21292673623400415,0.1836726730422867,356277b6fdfb348e859c
exact_shallow,late,0.025,101,0,26.401325295347934,1.4848370983764871,3d2841242bff1d83ea00
exact_shallow,late,0.025,101,1,4.565429468358174,2.860327627560345,3d2841242bff1d83ea00
exact_shallow,late,0.025,101,2,2.713389128603142,0.2984275681536956,3d2841242bff1d83ea00
exact_shallow,late,0.025,101,3,0.7175853827196211,0.5523575531668677,3d2841242bff1d83ea00
exact_shallow,late,0.025,101,4,0.7475854790682946,0.2695438247414018,3d2841242bff1d83ea00
exact_shallow,late,0.025,101,5,0.5689995887912336,0.2864967864761066,3d2841242bff1d83ea00
exact_shallow,late,0.025,101,6,0.5912600012243879,0.28588974811027057,3d2841242bff1d83ea00
exact_shallow,late,0.025,101,7,0.5098486848472826,0.3791068136353416,3d2841242bff1d83ea00
exact_shallow,late,0.025,101,8,0.5083217535338816,0.24122246548815704,3d2841242bff1d83ea00
exact_shallow,late,0.025,101,9,0.5044291991682989,0.21983158963703087,3d2841242bff1d83ea00
exact_shallow,late,0.025,101,10,0.45724245111540773,0.5050085783909029,3d2841242bff1d83ea00
exact_shallow,late,0.025,101,11,0.4967370518477924,0.2471243509804788,3d2841242bff1d83ea00
exact_shallow,late,0.025,101,12,0.427473512498467,0.21086183619063056,3d2841242bff1d83ea00
exact_shallow,late,0.025,101,13,0.418436458104905,0.3291844831263973,3d2841242bff1d83ea00
exact_shallow,late,0.025,101,14,0.35538578472812965,0.2960310473765021,3d2841242bff1d83ea00
exact_shallow,late,0.025,101,15,0.3676337194536131,0.30063294072041896,3d2841242bff1d83ea00
exact_shallow,late,0.025,101,16,0.34021148659320305,0.23846640973499988,3d2841242bff1d83ea00
exact_shallow,late,0.025,101,17,0.3144127295119246,0.2634348547732574,3d2841242bff1d83ea00
exact_shallow,late,0.025,101,18,0.30480214620640395,0.18605333861527895,3d2841242bff1d83ea00
exact_shallow,late,0.025,101,19,0.29339053644255636,0.1873106267596669,3d2841242bff1d83ea00
exact_shallow,late,0.025,101,20,0.29384039828135966,0.22130355735504145,3d2841242bff1d83ea00
exact_shallow,late,0.025,101,21,0.2742704099014115,0.20121752770953433,3d2841242bff1d83ea00
exact_shallow,late,0.025,101,22,0.2658673756070142,0.24499283961280707,3d2841242bff1d83ea00
exact_shallow,late,0.025,101,23,0.2572273022139671,0.18649592253051875,3d2841242bff1d83ea00
exact_shallow,late,0.025,101,24,0.24408853124670005,0.18368337640747115,3d2841242bff1d83ea00
exact_shallow,late,0.025,101,25,0.2279442259313346,0.1945947391556749,3d2841242bff1d83ea00
exact_shallow,late,0.025,101,26,0.22074591162024795,0.19106512371864173,3d2841242bff1d83ea00
exact_shallow,late,0.025,101,27,0.21389300931058225,0.18325085000118874,3d2841242bff1d83ea00
exact_shallow,late,0.025,101,28,0.21019505839516373,0.1823161078584623,3d2841242bff1d83ea00
exact_shallow,late,0.025,101,29,0.20933981492505074,0.18253619160951948,3d2841242bff1d83ea00
exact_shallow,late,0.025,100,0,31.997169761366006,7.725413110058484,fe1b0cd385fa6012112e
exact_shallow,late,0.025,100,1,5.259875465294654,2.6658785052296077,fe1b0cd385fa6012112e
exact_shallow,late,0.025,100,2,2.340875779443931,0.6246903241382784,fe1b0cd385fa6012112e
exact_shallow,late,0.025,100,3,0.7291882288315272,0.5692679657200738,fe1b0cd385fa6012112e
exact_shallow,late,0.025,100,4,0.6987635652114701,0.3684863696963269,fe1b0cd385fa6012112e
exact_shallow,late,0.025,100,5,0.5437410240219833,0.8678942425036057,fe1b0cd385fa6012112e
exact_shallow,late,0.025,100,6,0.5449761454512024,0.3379254107174144,fe1b0cd385fa6012112e
exact_shallow,late,0.025,100,7,0.4243955442556824,0.3171339637756049,fe1b0cd385fa6012112e
exact_shallow,late,0.025,100,8,0.4148644269404242,0.3592359192847069,fe1b0cd385fa6012112e
exact_shallow,late,0.025,100,9,0.5873893820925357,0.869862302834605,fe1b0cd385fa6012112e
exact_shallow,late,0.025,100,10,0.6773221984150992,0.37913144518286107,fe1b0cd385fa6012112e
exact_shallow,late,0.025,100,11,0.37171943122661066,0.3816756578849687,fe1b0cd385fa6012112e
exact_shallow,late,0.025,100,12,0.4359873216181762,0.2969731563010204,fe1b0cd385fa6012112e
exact_shallow,late,0.025,100,13,0.3479572675841872,0.2010763200603386,fe1b0cd385fa6012112e
exact_shallow,late,0.025,100,14,0.3528219369250826,0.26927210006074837,fe1b0cd385fa6012112e
exact_shallow,late,0.025,100,15,0.3030735995382286,0.21483732267162514,fe1b0cd385fa6012112e
exact_shallow,late,0.025,100,16,0.30737928814597676,0.2092188102114818,fe1b0cd385fa6012112e
exact_shallow,late,0.025,100,17,0.32313186307023295,0.33471882870093334,fe1b0cd385fa6012112e
exact_shallow,late,0.025,100,18,0.2976744367094848,0.23255594828161066,fe1b0cd385fa6012112e
exact_shallow,late,0.025,100,19,0.2777563091506638,0.18906997589395755,fe1b0cd385fa6012112e
exact_shallow,late,0.025,100,20,0.27073857754446995,0.18508141905416395,fe1b0cd385fa6012112e
exact_shallow,late,0.025,100,21,0.25129322715604735,0.18456787964287313,fe1b0cd385fa6012112e
exact_shallow,late,0.025,100,22,0.2529482018138042,0.18811056863194894,fe1b0cd385fa6012112e
exact_shallow,late,0.025,100,23,0.23798442079363671,0.1828888501270398,fe1b0cd385fa6012112e
exact_shallow,late,0.025,100,24,0.22953480160405335,0.18428725558161949,fe1b0cd385fa6012112e
exact_shallow,late,0.025,100,25,0.22401095110979832,0.19139851801382715,fe1b0cd385fa6012112e
exact_shallow,late,0.025,100,26,0.219564942045608,0.1819291000467748,fe1b0cd385fa6012112e
exact_shallow,late,0.025,100,27,0.21301551005459707,0.18212137434583608,fe1b0cd385fa6012112e
exact_shallow,late,0.025,100,28,0.2094357171014644,0.18271833079752925,fe1b0cd385fa6012112e
exact_shallow,late,0.025,100,29,0.20800331208652764,0.18240895274615374,fe1b0cd385fa6012112e
exact_shallow,early,0.025,104,0,30.80390822170626,7.430763721322122,96303858045723389b35
exact_shallow,early,0.025,104,1,7.314273408311829,5.907677457248429,96303858045723389b35
exact_shallow,early,0.025,104,2,5.102443769561659,0.9738735034842227,96303858045723389b35
exact_shallow,early,0.025,104,3,1.6975326076699457,0.5961530149611327,96303858045723389b35
exact_shallow,early,0.025,104,4,0.7621193087592969,0.5037250059161651,96303858045723389b35
exact_shallow,early,0.025,104,5,0.5185999523742414,0.5275547059950058,96303858045723389b35
exact_shallow,early,0.025,104,6,0.6839562835858656,0.3134379151889899,96303858045723389b35
exact_shallow,early,0.025,104,7,0.577850436710736,0.5673322427190052,96303858045723389b35
exact_shallow,early,0.025,104,8,0.6260451032841688,0.3037877057249099,96303858045723389b35
exact_shallow,early,0.025,104,9,0.5195815701020932,0.3189944878020077,96303858045723389b35
exact_shallow,early,0.025,104,10,0.45480574910590243,0.2414010436180305,96303858045723389b35
exact_shallow,early,0.025,104,11,0.4682851207340744,0.2279721067480109,96303858045723389b35
exact_shallow,early,0.025,104,12,0.4685290593319136,0.2762001743415467,96303858045723389b35
exact_shallow,early,0.025,104,13,0.4567117662210139,0.2488218783226337,96303858045723389b35
exact_shallow,early,0.025,104,14,0.4107293291653645,0.25656780646743577,96303858045723389b35
exact_shallow,early,0.025,104,15,0.35657012484757183,0.1921804584909337,96303858045723389b35
exact_shallow,early,0.025,104,16,0.3353806597034977,0.19396137914734327,96303858045723389b35
exact_shallow,early,0.025,104,17,0.33193610193097983,0.21422146616951837,96303858045723389b35
exact_shallow,early,0.025,104,18,0.2857725661726653,0.1915380274705379,96303858045723389b35
exact_shallow,early,0.025,104,19,0.27147850445988997,0.19481740884874493,96303858045723389b35
exact_shallow,early,0.025,104,20,0.23984315301163964,0.19228019480628034,96303858045723389b35
exact_shallow,early,0.025,104,21,0.235847850804641,0.2596734725245394,96303858045723389b35
exact_shallow,early,0.025,104,22,0.25729772678135177,0.20903028341165886,96303858045723389b35
exact_shallow,early,0.025,104,23,0.22659938825029827,0.18857138876348783,96303858045723389b35
exact_shallow,early,0.025,104,24,0.2184411894535964,0.21607867711142928,96303858045723389b35
exact_shallow,early,0.025,104,25,0.21045162841918688,0.23177667213618047,96303858045723389b35
exact_shallow,early,0.025,104,26,0.20824234133793978,0.18811526231983888,96303858045723389b35
exact_shallow,early,0.025,104,27,0.20408749223097586,0.18380587697216444,96303858045723389b35
exact_shallow,early,0.025,104,28,0.20012631696939856,0.1818334177465271,96303858045723389b35
exact_shallow,early,0.025,104,29,0.19907067972135262,0.18306938180490032,96303858045723389b35
exact_shallow,late,0.025,104,0,31.719876697032838,4.068024108850529,b6447494841253543344
exact_shallow,late,0.025,104,1,5.780892496156738,1.6829365715399986,b6447494841253543344
exact_shallow,late,0.025,104,2,2.611865689122328,0.4971331641120513,b6447494841253543344
exact_shallow,late,0.025,104,3,0.8093701652048966,0.6135171672068132,b6447494841253543344
exact_shallow,late,0.025,104,4,0.5665695415338728,0.7363379194328146,b6447494841253543344
exact_shallow,late,0.025,104,5,0.7126333337754623,0.6512226900869887,b6447494841253543344
exact_shallow,late,0.025,104,6,0.5055779651233375,0.2850282687409649,b6447494841253543344
exact_shallow,late,0.025,104,7,0.509338008467357,0.6551208900867423,b6447494841253543344
exact_shallow,late,0.025,104,8,0.5632588083094153,0.2116677546337562,b6447494841253543344
exact_shallow,late,0.025,104,9,0.49333708655138897,0.6577096600401777,b6447494841253543344
exact_shallow,late,0.025,104,10,0.5409745207512525,0.4281337700601522,b6447494841253543344
exact_shallow,late,0.025,104,11,0.4882001789186429,0.5364721655334511,b6447494841253543344
exact_shallow,late,0.025,104,12,0.4255768592403783,0.2609433228910671,b6447494841253543344
exact_shallow,late,0.025,104,13,0.39948068773108875,0.23872593007394396,b6447494841253543344
exact_shallow,late,0.025,104,14,0.4042416787822937,0.3150957722284407,b6447494841253543344
exact_shallow,late,0.025,104,15,0.3920825069122521,0.2665215686745197,b6447494841253543344
exact_shallow,late,0.025,104,16,0.36743613182562707,0.31145804206920347,b6447494841253543344
exact_shallow,late,0.025,104,17,0.34073036337878576,0.18896617914943564,b6447494841253543344
exact_shallow,late,0.025,104,18,0.3159148799708409,0.28680842460119754,b6447494841253543344
exact_shallow,late,0.025,104,19,0.3152230905262599,0.20939962013817642,b6447494841253543344
exact_shallow,late,0.025,104,20,0.28735084738471395,0.22408940075795672,b6447494841253543344
exact_shallow,late,0.025,104,21,0.27744627807982125,0.20639336954516815,b6447494841253543344
exact_shallow,late,0.025,104,22,0.25695103503360917,0.19826231687370907,b6447494841253543344
exact_shallow,late,0.025,104,23,0.25275593099035404,0.19640161534183045,b6447494841253543344
exact_shallow,late,0.025,104,24,0.23209473053943278,0.1895358506477628,b6447494841253543344
exact_shallow,late,0.025,104,25,0.22518639026488813,0.18897536727067518,b6447494841253543344
exact_shallow,late,0.025,104,26,0.2198283528544564,0.19038512848339964,b6447494841253543344
exact_shallow,late,0.025,104,27,0.2182043871671296,0.18563223198525097,b6447494841253543344
exact_shallow,late,0.025,104,28,0.21360143347355637,0.18347634357034243,b6447494841253543344
exact_shallow,late,0.025,104,29,0.2120252612357023,0.18462324678705416,b6447494841253543344
exact_shallow,late,0.025,103,0,26.68024038666203,1.6315835478316165,84074fff0d5fb604bbc1
exact_shallow,late,0.025,103,1,5.033662389056948,1.8069496295323089,84074fff0d5fb604bbc1
exact_shallow,late,0.025,103,2,2.175442467744738,0.4730986901973903,84074fff0d5fb604bbc1
exact_shallow,late,0.025,103,3,0.6510636644597773,0.25861504589577755,84074fff0d5fb604bbc1
exact_shallow,late,0.025,103,4,0.6466662639621542,0.3411586799940084,84074fff0d5fb604bbc1
exact_shallow,late,0.025,103,5,0.5698544311832735,0.8413204952789441,84074fff0d5fb604bbc1
exact_shallow,late,0.025,103,6,0.5127798457685554,0.4875759761284972,84074fff0d5fb604bbc1
exact_shallow,late,0.025,103,7,0.5035791747444713,0.3207194380438773,84074fff0d5fb604bbc1
exact_shallow,late,0.025,103,8,0.4155702132112795,0.446152854748544,84074fff0d5fb604bbc1
exact_shallow,late,0.025,103,9,0.3993554231028807,0.2870056573360136,84074fff0d5fb604bbc1
exact_shallow,late,0.025,103,10,0.37793184897188,0.3493622511328009,84074fff0d5fb604bbc1
exact_shallow,late,0.025,103,11,0.3589018355490258,0.36229207812660025,84074fff0d5fb604bbc1
exact_shallow,late,0.025,103,12,0.3691454752835781,0.36347819102806944,84074fff0d5fb604bbc1
exact_shallow,late,0.025,103,13,0.38795791247455047,0.19983567698067048,84074fff0d5fb604bbc1
exact_shallow,late,0.025,103,14,0.37362378239409316,0.3239733967554907,84074fff0d5fb604bbc1
exact_shallow,late,0.025,103,15,0.356791640304378,0.20036447574801083,84074fff0d5fb604bbc1
exact_shallow,late,0.025,103,16,0.330548132445375,0.39576419456716905,84074fff0d5fb604bbc1
exact_shallow,late,0.025,103,17,0.31248672366090396,0.21480081780058627,84074fff0d5fb604bbc1
exact_shallow,late,0.025,103,18,0.3013780552000161,0.19525748485619607,84074fff0d5fb604bbc1
exact_shallow,late,0.025,103,19,0.2852143041646633,0.23837113155016718,84074fff0d5fb604bbc1
exact_shallow,late,0.025,103,20,0.2787677348991008,0.29628249241051396,84074fff0d5fb604bbc1
exact_shallow,late,0.025,103,21,0.259436418570389,0.18615959661676337,84074fff0d5fb604bbc1
exact_shallow,late,0.025,103,22,0.24914744882257325,0.20581402060688714,84074fff0d5fb604bbc1
exact_shallow,late,0.025,103,23,0.2504863518015319,0.19646601700858293,84074fff0d5fb604bbc1
exact_shallow,late,0.025,103,24,0.24102100674512084,0.18437859039551668,84074fff0d5fb604bbc1
exact_shallow,late,0.025,103,25,0.22827631899868656,0.1869595475561047,84074fff0d5fb604bbc1
exact_shallow,late,0.025,103,26,0.21640944067948442,0.1829268399099854,84074fff0d5fb604bbc1
exact_shallow,late,0.025,103,27,0.21413012439312623,0.18295813270870234,84074fff0d5fb604bbc1
exact_shallow,late,0.025,103,28,0.21154012351557752,0.18237834982758663,84074fff0d5fb604bbc1
exact_shallow,late,0.025,103,29,0.21130389525199766,0.1850287642475462,84074fff0d5fb604bbc1
matched_depth12,none,0.0,100,0,28.364788715280007,0.6257739452603436,1d50594c3bb557b232d4
matched_depth12,none,0.0,100,1,1.6857930378114991,1.2898084646558363,1d50594c3bb557b232d4
matched_depth12,none,0.0,100,2,2.048625228151385,2.2361835169197404,1d50594c3bb557b232d4
matched_depth12,none,0.0,100,3,1.7005980913456429,0.37634364456289227,1d50594c3bb557b232d4
matched_depth12,none,0.0,100,4,1.2840008391013442,0.33581396876667347,1d50594c3bb557b232d4
matched_depth12,none,0.0,100,5,1.0093961091010881,0.789100808116913,1d50594c3bb557b232d4
matched_depth12,none,0.0,100,6,0.9386215520419681,0.42826297413639514,1d50594c3bb557b232d4
matched_depth12,none,0.0,100,7,0.7028262815110927,1.6684897683978746,1d50594c3bb557b232d4
matched_depth12,none,0.0,100,8,0.6082005515121942,0.3650197240574003,1d50594c3bb557b232d4
matched_depth12,none,0.0,100,9,0.5174436140023245,0.500922779003941,1d50594c3bb557b232d4
matched_depth12,none,0.0,100,10,0.5271900333947037,0.6115865013593783,1d50594c3bb557b232d4
matched_depth12,none,0.0,100,11,0.529260936293925,0.2682601086686611,1d50594c3bb557b232d4
matched_depth12,none,0.0,100,12,0.4468407985846865,0.701657355801916,1d50594c3bb557b232d4
matched_depth12,none,0.0,100,13,0.46803550697351026,0.20745815308562007,1d50594c3bb557b232d4
matched_depth12,none,0.0,100,14,0.3984259915072215,0.33688453771082694,1d50594c3bb557b232d4
matched_depth12,none,0.0,100,15,0.36153801255463347,0.4713749119035243,1d50594c3bb557b232d4
matched_depth12,none,0.0,100,16,0.3209587219139815,0.2091633290483844,1d50594c3bb557b232d4
matched_depth12,none,0.0,100,17,0.30154747193688036,0.20910496511084214,1d50594c3bb557b232d4
matched_depth12,none,0.0,100,18,0.30916783708442236,0.23204503137757465,1d50594c3bb557b232d4
matched_depth12,none,0.0,100,19,0.2690071879994143,0.202113503387327,1d50594c3bb557b232d4
matched_depth12,none,0.0,100,20,0.2703018938640689,0.3224573994829292,1d50594c3bb557b232d4
matched_depth12,none,0.0,100,21,0.24209162360852887,0.23361556359714922,1d50594c3bb557b232d4
matched_depth12,none,0.0,100,22,0.23600704874871345,0.20499316307775536,1d50594c3bb557b232d4
matched_depth12,none,0.0,100,23,0.2227527234310311,0.21871391355450145,1d50594c3bb557b232d4
matched_depth12,none,0.0,100,24,0.21645890155050548,0.19770082487446552,1d50594c3bb557b232d4
matched_depth12,none,0.0,100,25,0.2159875903795951,0.2049970553655907,1d50594c3bb557b232d4
matched_depth12,none,0.0,100,26,0.20548979748548382,0.1841265031960258,1d50594c3bb557b232d4
matched_depth12,none,0.0,100,27,0.19922157812224636,0.18253449114065234,1d50594c3bb557b232d4
matched_depth12,none,0.0,100,28,0.1977740114053131,0.1823756410427561,1d50594c3bb557b232d4
matched_depth12,none,0.0,100,29,0.1970564513789614,0.18275484296532402,1d50594c3bb557b232d4
matched_depth12,none,0.0,101,0,22.410511348279,0.7871902242204487,6d0c61b938bedc55de5f
matched_depth12,none,0.0,101,1,1.68631298436486,0.8862697718686902,6d0c61b938bedc55de5f
matched_depth12,none,0.0,101,2,2.3970102740148853,1.788592511626217,6d0c61b938bedc55de5f
matched_depth12,none,0.0,101,3,2.8013400760006406,0.5386210715490544,6d0c61b938bedc55de5f
matched_depth12,none,0.0,101,4,1.5186081516021217,0.6152731507452633,6d0c61b938bedc55de5f
matched_depth12,none,0.0,101,5,1.077645188462003,0.4723900876925691,6d0c61b938bedc55de5f
matched_depth12,none,0.0,101,6,1.068504987559936,1.120266974991513,6d0c61b938bedc55de5f
matched_depth12,none,0.0,101,7,0.7800702245211554,0.6888663204199761,6d0c61b938bedc55de5f
matched_depth12,none,0.0,101,8,0.825067249993457,0.3289808680805821,6d0c61b938bedc55de5f
matched_depth12,none,0.0,101,9,0.6599877626035775,0.2536782491098371,6d0c61b938bedc55de5f
matched_depth12,none,0.0,101,10,0.5545762283159424,0.3352152246497442,6d0c61b938bedc55de5f
matched_depth12,none,0.0,101,11,0.5464908964032961,0.6794261385410268,6d0c61b938bedc55de5f
matched_depth12,none,0.0,101,12,0.4622306659150526,0.2493174876020128,6d0c61b938bedc55de5f
matched_depth12,none,0.0,101,13,0.4274923064626099,0.22634762796208854,6d0c61b938bedc55de5f
matched_depth12,none,0.0,101,14,0.415499685041537,0.3040155006053566,6d0c61b938bedc55de5f
matched_depth12,none,0.0,101,15,0.38891751475200714,0.19816243040874787,6d0c61b938bedc55de5f
matched_depth12,none,0.0,101,16,0.34909838368923823,0.30960790212283984,6d0c61b938bedc55de5f
matched_depth12,none,0.0,101,17,0.3079335716941729,0.43289492373899674,6d0c61b938bedc55de5f
matched_depth12,none,0.0,101,18,0.2995821278018897,0.18781305478955918,6d0c61b938bedc55de5f
matched_depth12,none,0.0,101,19,0.27160690691236433,0.19878972479149123,6d0c61b938bedc55de5f
matched_depth12,none,0.0,101,20,0.24451296737631598,0.2118218363009084,6d0c61b938bedc55de5f
matched_depth12,none,0.0,101,21,0.22890176384374078,0.2467766672727752,6d0c61b938bedc55de5f
matched_depth12,none,0.0,101,22,0.23152306156256325,0.19736772410971926,6d0c61b938bedc55de5f
matched_depth12,none,0.0,101,23,0.21444741758036584,0.1902056392017043,6d0c61b938bedc55de5f
matched_depth12,none,0.0,101,24,0.21552459648799568,0.19143307852066818,6d0c61b938bedc55de5f
matched_depth12,none,0.0,101,25,0.20790723305214137,0.19113398832735157,6d0c61b938bedc55de5f
matched_depth12,none,0.0,101,26,0.20313540101468217,0.18584412472757736,6d0c61b938bedc55de5f
matched_depth12,none,0.0,101,27,0.20055835730891736,0.18214074011080844,6d0c61b938bedc55de5f
matched_depth12,none,0.0,101,28,0.19728281202640305,0.18550885966590686,6d0c61b938bedc55de5f
matched_depth12,none,0.0,101,29,0.1965397601911541,0.1834678623046096,6d0c61b938bedc55de5f
matched_depth12,none,0.0,102,0,27.66107533935077,1.6539836079564383,abe3860ec1e0be37ca7d
matched_depth12,none,0.0,102,1,1.6250335389047057,1.3417935656910782,abe3860ec1e0be37ca7d
matched_depth12,none,0.0,102,2,2.2605541349686376,3.88090274275937,abe3860ec1e0be37ca7d
matched_depth12,none,0.0,102,3,1.6668175323127157,0.33683493791261765,abe3860ec1e0be37ca7d
matched_depth12,none,0.0,102,4,1.28776257168728,0.3400365753925616,abe3860ec1e0be37ca7d
matched_depth12,none,0.0,102,5,0.9427344681017029,0.5641417167921493,abe3860ec1e0be37ca7d
matched_depth12,none,0.0,102,6,0.881571834146835,0.34191931738617276,abe3860ec1e0be37ca7d
matched_depth12,none,0.0,102,7,0.8242160440359627,17.137405334317766,abe3860ec1e0be37ca7d
matched_depth12,none,0.0,102,8,0.6588998535886983,0.21129574713157664,abe3860ec1e0be37ca7d
matched_depth12,none,0.0,102,9,0.4913513100202585,0.3341523462363728,abe3860ec1e0be37ca7d
matched_depth12,none,0.0,102,10,0.4063273084607231,0.5122195069851234,abe3860ec1e0be37ca7d
matched_depth12,none,0.0,102,11,0.49772620719283206,0.20586030929815857,abe3860ec1e0be37ca7d
matched_depth12,none,0.0,102,12,0.44208784434968285,0.291773502527845,abe3860ec1e0be37ca7d
matched_depth12,none,0.0,102,13,0.4114778329916261,0.3900627359880809,abe3860ec1e0be37ca7d
matched_depth12,none,0.0,102,14,0.34501482579927323,0.2379194612779601,abe3860ec1e0be37ca7d
matched_depth12,none,0.0,102,15,0.3236271802289155,0.22111868956987168,abe3860ec1e0be37ca7d
matched_depth12,none,0.0,102,16,0.34076297706881964,0.3547935842407595,abe3860ec1e0be37ca7d
matched_depth12,none,0.0,102,17,0.30852703317623253,0.2678504951014936,abe3860ec1e0be37ca7d
matched_depth12,none,0.0,102,18,0.2750617378633842,0.3270565531752449,abe3860ec1e0be37ca7d
matched_depth12,none,0.0,102,19,0.2708134117007971,0.19466837905090914,abe3860ec1e0be37ca7d
matched_depth12,none,0.0,102,20,0.2522051242524398,0.21077597306220394,abe3860ec1e0be37ca7d
matched_depth12,none,0.0,102,21,0.2332474147981093,0.19442999671044847,abe3860ec1e0be37ca7d
matched_depth12,none,0.0,102,22,0.2270624284540934,0.18668484023093337,abe3860ec1e0be37ca7d
matched_depth12,none,0.0,102,23,0.21893486514335347,0.18490801451446426,abe3860ec1e0be37ca7d
matched_depth12,none,0.0,102,24,0.20958112137479148,0.22129432763299944,abe3860ec1e0be37ca7d
matched_depth12,none,0.0,102,25,0.20566955213688357,0.20246209996447892,abe3860ec1e0be37ca7d
matched_depth12,none,0.0,102,26,0.20415973815709193,0.18357376075570692,abe3860ec1e0be37ca7d
matched_depth12,none,0.0,102,27,0.1991400703599279,0.1838914845319628,abe3860ec1e0be37ca7d
matched_depth12,none,0.0,102,28,0.19666170551788523,0.18195961267264474,abe3860ec1e0be37ca7d
matched_depth12,none,0.0,102,29,0.19506890494766094,0.1828998299255234,abe3860ec1e0be37ca7d
matched_depth12,none,0.0,104,0,26.11283237313368,2.1787277374503113,a6fcd78fc1afacc8c57f
matched_depth12,none,0.0,104,1,1.750264632689398,1.4880442874257014,a6fcd78fc1afacc8c57f
matched_depth12,none,0.0,104,2,2.3872455788742717,1.8978780499603802,a6fcd78fc1afacc8c57f
matched_depth12,none,0.0,104,3,1.7283792559291664,5.952774789742551,a6fcd78fc1afacc8c57f
matched_depth12,none,0.0,104,4,1.5067105637960454,6.876023810819922,a6fcd78fc1afacc8c57f
matched_depth12,none,0.0,104,5,1.0414710104299347,0.28341034470652654,a6fcd78fc1afacc8c57f
matched_depth12,none,0.0,104,6,0.933330920442049,0.6846792191626323,a6fcd78fc1afacc8c57f
matched_depth12,none,0.0,104,7,0.9266015047555631,0.4665241356205327,a6fcd78fc1afacc8c57f
matched_depth12,none,0.0,104,8,0.6386813788179113,0.598295313550591,a6fcd78fc1afacc8c57f
matched_depth12,none,0.0,104,9,0.5963684535080652,0.23607068954736435,a6fcd78fc1afacc8c57f
matched_depth12,none,0.0,104,10,0.48574509777470776,0.4264573969014105,a6fcd78fc1afacc8c57f
matched_depth12,none,0.0,104,11,0.5548891547943926,0.5483117549586036,a6fcd78fc1afacc8c57f
matched_depth12,none,0.0,104,12,0.47059588055096113,0.7506552653231597,a6fcd78fc1afacc8c57f
matched_depth12,none,0.0,104,13,0.4360245151447219,0.2642433197923042,a6fcd78fc1afacc8c57f
matched_depth12,none,0.0,104,14,0.3269090380697075,0.3548593079378264,a6fcd78fc1afacc8c57f
matched_depth12,none,0.0,104,15,0.3944149381768501,0.19791226592809394,a6fcd78fc1afacc8c57f
matched_depth12,none,0.0,104,16,0.3222390605559292,0.23675165683869656,a6fcd78fc1afacc8c57f
matched_depth12,none,0.0,104,17,0.3312826440752539,0.5999770651872657,a6fcd78fc1afacc8c57f
matched_depth12,none,0.0,104,18,0.324297008218484,0.2528194367121917,a6fcd78fc1afacc8c57f
matched_depth12,none,0.0,104,19,0.27739029870526216,0.49819983659705347,a6fcd78fc1afacc8c57f
matched_depth12,none,0.0,104,20,0.2705866121805064,0.24644346488021382,a6fcd78fc1afacc8c57f
matched_depth12,none,0.0,104,21,0.24413014124727228,0.1861378420096981,a6fcd78fc1afacc8c57f
matched_depth12,none,0.0,104,22,0.2549655904270834,0.18763260153657196,a6fcd78fc1afacc8c57f
matched_depth12,none,0.0,104,23,0.2262060148585979,0.19907073829817887,a6fcd78fc1afacc8c57f
matched_depth12,none,0.0,104,24,0.22377878290690079,0.18584607709675696,a6fcd78fc1afacc8c57f
matched_depth12,none,0.0,104,25,0.20929247772001666,0.18553823080825727,a6fcd78fc1afacc8c57f
matched_depth12,none,0.0,104,26,0.20521652901122858,0.19094356857194025,a6fcd78fc1afacc8c57f
matched_depth12,none,0.0,104,27,0.20085202426758667,0.19171443338273358,a6fcd78fc1afacc8c57f
matched_depth12,none,0.0,104,28,0.19847376234690078,0.18502821400577782,a6fcd78fc1afacc8c57f
matched_depth12,none,0.0,104,29,0.19765117076134395,0.18446330905530917,a6fcd78fc1afacc8c57f
matched_depth12,none,0.0,103,0,24.106124328397083,0.8326879103994645,a17d227c68bfb5a23789
matched_depth12,none,0.0,103,1,1.4587834470538301,1.2343807801458435,a17d227c68bfb5a23789
matched_depth12,none,0.0,103,2,2.5708792453530647,0.9483695095193879,a17d227c68bfb5a23789
matched_depth12,none,0.0,103,3,1.7125449354706472,0.5621727795362121,a17d227c68bfb5a23789
matched_depth12,none,0.0,103,4,1.5325819965367846,0.549765632856735,a17d227c68bfb5a23789
matched_depth12,none,0.0,103,5,1.3877924360245861,0.5078069279519167,a17d227c68bfb5a23789
matched_depth12,none,0.0,103,6,1.2383211674410248,0.4259479163308571,a17d227c68bfb5a23789
matched_depth12,none,0.0,103,7,0.9358490011386184,0.2261457980184217,a17d227c68bfb5a23789
matched_depth12,none,0.0,103,8,0.8236722258424416,0.47576545203284704,a17d227c68bfb5a23789
matched_depth12,none,0.0,103,9,0.6364521890979656,0.941575209213921,a17d227c68bfb5a23789
matched_depth12,none,0.0,103,10,0.5056174094186419,0.8573003416873297,a17d227c68bfb5a23789
matched_depth12,none,0.0,103,11,0.4576431081773758,0.4125813846658078,a17d227c68bfb5a23789
matched_depth12,none,0.0,103,12,0.40502580222359263,0.3429008033966911,a17d227c68bfb5a23789
matched_depth12,none,0.0,103,13,0.41449521200500933,0.48156734528290307,a17d227c68bfb5a23789
matched_depth12,none,0.0,103,14,0.4426792904091219,0.43952572193549316,a17d227c68bfb5a23789
matched_depth12,none,0.0,103,15,0.3632834112833554,0.23651084679921108,a17d227c68bfb5a23789
matched_depth12,none,0.0,103,16,0.3333092583227682,0.43487796984222205,a17d227c68bfb5a23789
matched_depth12,none,0.0,103,17,0.3083583706670408,0.25318074439419386,a17d227c68bfb5a23789
matched_depth12,none,0.0,103,18,0.31105853777630205,0.24754916125504006,a17d227c68bfb5a23789
matched_depth12,none,0.0,103,19,0.27572655603605356,0.21161050724824354,a17d227c68bfb5a23789
matched_depth12,none,0.0,103,20,0.26097842968290014,0.1895149281397205,a17d227c68bfb5a23789
matched_depth12,none,0.0,103,21,0.24140498075766215,0.1944429383498429,a17d227c68bfb5a23789
matched_depth12,none,0.0,103,22,0.23739985111944084,0.1864681274541524,a17d227c68bfb5a23789
matched_depth12,none,0.0,103,23,0.2273625382124914,0.19587179004726182,a17d227c68bfb5a23789
matched_depth12,none,0.0,103,24,0.21828924882819453,0.18385918933354978,a17d227c68bfb5a23789
matched_depth12,none,0.0,103,25,0.20901329131295207,0.18458680774107047,a17d227c68bfb5a23789
matched_depth12,none,0.0,103,26,0.20407561005362462,0.18490905891974949,a17d227c68bfb5a23789
matched_depth12,none,0.0,103,27,0.20167476797533365,0.1917724931071964,a17d227c68bfb5a23789
matched_depth12,none,0.0,103,28,0.19913313462032523,0.18382609330590458,a17d227c68bfb5a23789
matched_depth12,none,0.0,103,29,0.19799814213688258,0.18377766567353468,a17d227c68bfb5a23789
matched_depth12,uniform,0.025,100,0,32.02214975413085,2.1804262931011316,56b62dd7b492c9008ba3
matched_depth12,uniform,0.025,100,1,2.4284712157896555,0.715145160010973,56b62dd7b492c9008ba3
matched_depth12,uniform,0.025,100,2,2.0033232242418335,1.3187289311951946,56b62dd7b492c9008ba3
matched_depth12,uniform,0.025,100,3,1.0020443527754521,0.703518936999971,56b62dd7b492c9008ba3
matched_depth12,uniform,0.025,100,4,0.7400020372261218,0.26163121060233685,56b62dd7b492c9008ba3
matched_depth12,uniform,0.025,100,5,0.7559667255666016,0.9733879372129817,56b62dd7b492c9008ba3
matched_depth12,uniform,0.025,100,6,0.720241062460852,0.525999645682927,56b62dd7b492c9008ba3
matched_depth12,uniform,0.025,100,7,0.7075902800466047,0.3923421416167656,56b62dd7b492c9008ba3
matched_depth12,uniform,0.025,100,8,0.5834500462779946,0.671524707606629,56b62dd7b492c9008ba3
matched_depth12,uniform,0.025,100,9,0.5057420988781474,0.4926585901816977,56b62dd7b492c9008ba3
matched_depth12,uniform,0.025,100,10,0.5238493934222304,0.40674901445312056,56b62dd7b492c9008ba3
matched_depth12,uniform,0.025,100,11,0.4862109370143879,0.48330939417668295,56b62dd7b492c9008ba3
matched_depth12,uniform,0.025,100,12,0.41630560439953335,0.2301429108844626,56b62dd7b492c9008ba3
matched_depth12,uniform,0.025,100,13,0.31157092403455927,0.2421135873823481,56b62dd7b492c9008ba3
matched_depth12,uniform,0.025,100,14,0.29269704361362814,0.2240832129332793,56b62dd7b492c9008ba3
matched_depth12,uniform,0.025,100,15,0.311165084807641,0.2007589539769729,56b62dd7b492c9008ba3
matched_depth12,uniform,0.025,100,16,0.34607014517852597,0.2372006817073592,56b62dd7b492c9008ba3
matched_depth12,uniform,0.025,100,17,0.2911204406578094,0.28311738044814705,56b62dd7b492c9008ba3
matched_depth12,uniform,0.025,100,18,0.27741790782265324,0.20152946955873868,56b62dd7b492c9008ba3
matched_depth12,uniform,0.025,100,19,0.29020562213294093,0.2927433640707294,56b62dd7b492c9008ba3
matched_depth12,uniform,0.025,100,20,0.2622792191690665,0.26189805538090605,56b62dd7b492c9008ba3
matched_depth12,uniform,0.025,100,21,0.24869083115713345,0.26530513440115644,56b62dd7b492c9008ba3
matched_depth12,uniform,0.025,100,22,0.2485173193366316,0.24865229520739732,56b62dd7b492c9008ba3
matched_depth12,uniform,0.025,100,23,0.24171558912594454,0.18376944028487618,56b62dd7b492c9008ba3
matched_depth12,uniform,0.025,100,24,0.22884850944455543,0.24991083085242344,56b62dd7b492c9008ba3
matched_depth12,uniform,0.025,100,25,0.22819706779364943,0.19173381265797754,56b62dd7b492c9008ba3
matched_depth12,uniform,0.025,100,26,0.2220515645898004,0.19588175999443733,56b62dd7b492c9008ba3
matched_depth12,uniform,0.025,100,27,0.21880745601634413,0.18270934567869393,56b62dd7b492c9008ba3
matched_depth12,uniform,0.025,100,28,0.21570668867361564,0.18236693969135115,56b62dd7b492c9008ba3
matched_depth12,uniform,0.025,100,29,0.215387098867083,0.18380156985658697,56b62dd7b492c9008ba3
matched_depth12,uniform,0.025,104,0,28.27877256754629,2.6463428645093106,f11c376a04d01560d339
matched_depth12,uniform,0.025,104,1,2.1113143872734965,1.6315364126454586,f11c376a04d01560d339
matched_depth12,uniform,0.025,104,2,1.9403000410529356,1.2236911653539533,f11c376a04d01560d339
matched_depth12,uniform,0.025,104,3,0.8703742796663687,0.29623040593007394,f11c376a04d01560d339
matched_depth12,uniform,0.025,104,4,0.754406862927829,0.29091668161692635,f11c376a04d01560d339
matched_depth12,uniform,0.025,104,5,0.6256534480068997,0.4477428870152682,f11c376a04d01560d339
matched_depth12,uniform,0.025,104,6,0.649813998821262,0.8104922371435013,f11c376a04d01560d339
matched_depth12,uniform,0.025,104,7,0.674812018151795,0.3258147166396853,f11c376a04d01560d339
matched_depth12,uniform,0.025,104,8,0.6148419135109134,0.3352786941950627,f11c376a04d01560d339
matched_depth12,uniform,0.025,104,9,0.5807401202676591,0.36521793944456127,f11c376a04d01560d339
matched_depth12,uniform,0.025,104,10,0.5135054284813384,0.20096229938685672,f11c376a04d01560d339
matched_depth12,uniform,0.025,104,11,0.5141348134646035,0.21225516514312515,f11c376a04d01560d339
matched_depth12,uniform,0.025,104,12,0.4882272689699896,0.19594420653415293,f11c376a04d01560d339
matched_depth12,uniform,0.025,104,13,0.49062942904903234,0.41873325847595033,f11c376a04d01560d339
matched_depth12,uniform,0.025,104,14,0.45644115093858423,0.3752493494165904,f11c376a04d01560d339
matched_depth12,uniform,0.025,104,15,0.43582145977488906,0.2864344000885461,f11c376a04d01560d339
matched_depth12,uniform,0.025,104,16,0.4254252947201059,0.20886101070883473,f11c376a04d01560d339
matched_depth12,uniform,0.025,104,17,0.37999979141278933,0.27343587038800016,f11c376a04d01560d339
matched_depth12,uniform,0.025,104,18,0.36151911721337116,0.24386053618755946,f11c376a04d01560d339
matched_depth12,uniform,0.025,104,19,0.31206204190955716,0.3437381028508621,f11c376a04d01560d339
matched_depth12,uniform,0.025,104,20,0.3222206410644257,0.19789204309692146,f11c376a04d01560d339
matched_depth12,uniform,0.025,104,21,0.28620750572193543,0.1992442006717263,f11c376a04d01560d339
matched_depth12,uniform,0.025,104,22,0.26726554319387413,0.21307448230857537,f11c376a04d01560d339
matched_depth12,uniform,0.025,104,23,0.2535052843915549,0.2070412806229247,f11c376a04d01560d339
matched_depth12,uniform,0.025,104,24,0.23810084869187448,0.2132636155744745,f11c376a04d01560d339
matched_depth12,uniform,0.025,104,25,0.2306002271034076,0.19974481314687714,f11c376a04d01560d339
matched_depth12,uniform,0.025,104,26,0.22631724826707228,0.18776093641760191,f11c376a04d01560d339
matched_depth12,uniform,0.025,104,27,0.21797271256154882,0.1832703527976876,f11c376a04d01560d339
matched_depth12,uniform,0.025,104,28,0.21412870993912772,0.1837325135661483,f11c376a04d01560d339
matched_depth12,uniform,0.025,104,29,0.21301478550711517,0.1859167935558488,f11c376a04d01560d339
matched_depth12,uniform,0.025,101,0,26.171175010707614,0.8122890070726171,14738d651fe073730b52
matched_depth12,uniform,0.025,101,1,2.2638509387638144,3.6368237120195626,14738d651fe073730b52
matched_depth12,uniform,0.025,101,2,2.1247294662994554,0.3807357698355261,14738d651fe073730b52
matched_depth12,uniform,0.025,101,3,1.1031834307826536,0.4431457081026448,14738d651fe073730b52
matched_depth12,uniform,0.025,101,4,0.6749896356032744,0.630843955814305,14738d651fe073730b52
matched_depth12,uniform,0.025,101,5,0.7359418262837174,0.34152795217409776,14738d651fe073730b52
matched_depth12,uniform,0.025,101,6,0.7340168296882563,0.4277762580765688,14738d651fe073730b52
matched_depth12,uniform,0.025,101,7,0.5805761679120869,0.5197585434840183,14738d651fe073730b52
matched_depth12,uniform,0.025,101,8,0.42748262609120624,0.3984063835923421,14738d651fe073730b52
matched_depth12,uniform,0.025,101,9,0.48081598545893567,0.2621430202999719,14738d651fe073730b52
matched_depth12,uniform,0.025,101,10,0.4690044632707437,0.26957294410263577,14738d651fe073730b52
matched_depth12,uniform,0.025,101,11,0.4315187858078159,0.43639031336651174,14738d651fe073730b52
matched_depth12,uniform,0.025,101,12,0.4478768675632819,0.3301420538858386,14738d651fe073730b52
matched_depth12,uniform,0.025,101,13,0.47396227742227404,0.38602632320168717,14738d651fe073730b52
matched_depth12,uniform,0.025,101,14,0.39903120257194385,0.3854155771996228,14738d651fe073730b52
matched_depth12,uniform,0.025,101,15,0.36786599755861543,0.2988807733559096,14738d651fe073730b52
matched_depth12,uniform,0.025,101,16,0.3708679390854208,0.20986145478879534,14738d651fe073730b52
matched_depth12,uniform,0.025,101,17,0.33625342718559986,0.20619875546229235,14738d651fe073730b52
matched_depth12,uniform,0.025,101,18,0.2993467061855403,0.21213938961096554,14738d651fe073730b52
matched_depth12,uniform,0.025,101,19,0.27724892047095756,0.21510263513148237,14738d651fe073730b52
matched_depth12,uniform,0.025,101,20,0.2563293454466945,0.20506858861642246,14738d651fe073730b52
matched_depth12,uniform,0.025,101,21,0.2544073428198264,0.1867196429009151,14738d651fe073730b52
matched_depth12,uniform,0.025,101,22,0.24657662114294007,0.20435447026583195,14738d651fe073730b52
matched_depth12,uniform,0.025,101,23,0.23200782182407262,0.18795737629476394,14738d651fe073730b52
matched_depth12,uniform,0.025,101,24,0.22660936835677828,0.1836248193782929,14738d651fe073730b52
matched_depth12,uniform,0.025,101,25,0.22278624002838562,0.18384241963627918,14738d651fe073730b52
matched_depth12,uniform,0.025,101,26,0.21970083138255173,0.1825393190505642,14738d651fe073730b52
matched_depth12,uniform,0.025,101,27,0.21280694657735177,0.1828034873586397,14738d651fe073730b52
matched_depth12,uniform,0.025,101,28,0.2112381003878038,0.18238244314020063,14738d651fe073730b52
matched_depth12,uniform,0.025,101,29,0.2103706859535845,0.1840753477852929,14738d651fe073730b52
matched_depth12,uniform,0.025,102,0,31.045495292575154,1.8618396475444443,860b6b298fd47cc0d160
matched_depth12,uniform,0.025,102,1,2.081885907189234,0.8693788728178702,860b6b298fd47cc0d160
matched_depth12,uniform,0.025,102,2,1.995632974182274,0.43812777045545725,860b6b298fd47cc0d160
matched_depth12,uniform,0.025,102,3,0.9415575617506656,0.6166571251243238,860b6b298fd47cc0d160
matched_depth12,uniform,0.025,102,4,0.7836490811127342,0.4188578845441625,860b6b298fd47cc0d160
matched_depth12,uniform,0.025,102,5,0.6521881518972518,0.4969966741322381,860b6b298fd47cc0d160
matched_depth12,uniform,0.025,102,6,0.70503363718791,0.21218387422211712,860b6b298fd47cc0d160
matched_depth12,uniform,0.025,102,7,0.6875968349149297,0.5473483256218318,860b6b298fd47cc0d160
matched_depth12,uniform,0.025,102,8,0.6156596715903437,0.5830766110669804,860b6b298fd47cc0d160
matched_depth12,uniform,0.025,102,9,0.586269935301209,0.25556693413466064,860b6b298fd47cc0d160
matched_depth12,uniform,0.025,102,10,0.5819808897250347,0.5381189315377184,860b6b298fd47cc0d160
matched_depth12,uniform,0.025,102,11,0.4934828938789774,0.33732634614352974,860b6b298fd47cc0d160
matched_depth12,uniform,0.025,102,12,0.4768841534716799,0.44624621866125397,860b6b298fd47cc0d160
matched_depth12,uniform,0.025,102,13,0.42794307737445997,0.2766615769696145,860b6b298fd47cc0d160
matched_depth12,uniform,0.025,102,14,0.4344753309962211,0.2846995475157786,860b6b298fd47cc0d160
matched_depth12,uniform,0.025,102,15,0.3937940729529172,0.2359981597986931,860b6b298fd47cc0d160
matched_depth12,uniform,0.025,102,16,0.3914458652370331,0.19980437097423678,860b6b298fd47cc0d160
matched_depth12,uniform,0.025,102,17,0.40161371154804626,0.19664270334797754,860b6b298fd47cc0d160
matched_depth12,uniform,0.025,102,18,0.32951442906599343,0.2411874186281501,860b6b298fd47cc0d160
matched_depth12,uniform,0.025,102,19,0.33697812797796955,0.2966955387237776,860b6b298fd47cc0d160
matched_depth12,uniform,0.025,102,20,0.3111682781439785,0.26538596814911264,860b6b298fd47cc0d160
matched_depth12,uniform,0.025,102,21,0.28455247216653956,0.1871706120384517,860b6b298fd47cc0d160
matched_depth12,uniform,0.025,102,22,0.27788234569079756,0.233508823035287,860b6b298fd47cc0d160
matched_depth12,uniform,0.025,102,23,0.2512127188903242,0.18777520436668155,860b6b298fd47cc0d160
matched_depth12,uniform,0.025,102,24,0.24568694566052718,0.19294607537357025,860b6b298fd47cc0d160
matched_depth12,uniform,0.025,102,25,0.2333443361403607,0.20158930632444658,860b6b298fd47cc0d160
matched_depth12,uniform,0.025,102,26,0.22918083667424707,0.18894511558112292,860b6b298fd47cc0d160
matched_depth12,uniform,0.025,102,27,0.22541723054934448,0.18450030169395001,860b6b298fd47cc0d160
matched_depth12,uniform,0.025,102,28,0.22205578172140425,0.18468142770566526,860b6b298fd47cc0d160
matched_depth12,uniform,0.025,102,29,0.21933266312119543,0.18471929621532504,860b6b298fd47cc0d160
matched_depth12,uniform,0.025,103,0,28.036625861049416,1.386857485642602,76705f2297ea8ed84a43
matched_depth12,uniform,0.025,103,1,1.995582610957617,0.6556153826551118,76705f2297ea8ed84a43
matched_depth12,uniform,0.025,103,2,1.9743545731230692,1.288117628055352,76705f2297ea8ed84a43
matched_depth12,uniform,0.025,103,3,1.0416523495695191,0.7502325336893133,76705f2297ea8ed84a43
matched_depth12,uniform,0.025,103,4,0.866948436492083,1.5007684569233328,76705f2297ea8ed84a43
matched_depth12,uniform,0.025,103,5,0.8208594840364605,0.7980547017677068,76705f2297ea8ed84a43
matched_depth12,uniform,0.025,103,6,0.6932231649549687,0.4371952472003148,76705f2297ea8ed84a43
matched_depth12,uniform,0.025,103,7,0.6756559606006515,0.3300565960101121,76705f2297ea8ed84a43
matched_depth12,uniform,0.025,103,8,0.6540311512656412,0.7758108781188621,76705f2297ea8ed84a43
matched_depth12,uniform,0.025,103,9,0.6101874079849448,0.3230555744055239,76705f2297ea8ed84a43
matched_depth12,uniform,0.025,103,10,0.5926960858212929,0.2297392506582738,76705f2297ea8ed84a43
matched_depth12,uniform,0.025,103,11,0.5451945224250644,0.6004973043823942,76705f2297ea8ed84a43
matched_depth12,uniform,0.025,103,12,0.47188225673954043,0.19914840607864043,76705f2297ea8ed84a43
matched_depth12,uniform,0.025,103,13,0.46104175522783736,0.3653737021769121,76705f2297ea8ed84a43
matched_depth12,uniform,0.025,103,14,0.4414398736373135,0.30525741923629957,76705f2297ea8ed84a43
matched_depth12,uniform,0.025,103,15,0.442422257701334,0.27059886366766694,76705f2297ea8ed84a43
matched_depth12,uniform,0.025,103,16,0.3561042333851959,0.22957105911237646,76705f2297ea8ed84a43
matched_depth12,uniform,0.025,103,17,0.36639132278044895,0.20844717109562558,76705f2297ea8ed84a43
matched_depth12,uniform,0.025,103,18,0.3463313512950399,0.28517324761361595,76705f2297ea8ed84a43
matched_depth12,uniform,0.025,103,19,0.33991700000535613,0.18978691778593543,76705f2297ea8ed84a43
matched_depth12,uniform,0.025,103,20,0.31998046866139807,0.19683601891962718,76705f2297ea8ed84a43
matched_depth12,uniform,0.025,103,21,0.28819907614674367,0.23794362508996975,76705f2297ea8ed84a43
matched_depth12,uniform,0.025,103,22,0.26816708187395416,0.23532991546622356,76705f2297ea8ed84a43
matched_depth12,uniform,0.025,103,23,0.2571890209343067,0.2120307594485963,76705f2297ea8ed84a43
matched_depth12,uniform,0.025,103,24,0.24467924670873234,0.21282743192647524,76705f2297ea8ed84a43
matched_depth12,uniform,0.025,103,25,0.23494572872933173,0.20237466046188102,76705f2297ea8ed84a43
matched_depth12,uniform,0.025,103,26,0.22710656129819418,0.18563615916713155,76705f2297ea8ed84a43
matched_depth12,uniform,0.025,103,27,0.22287631496033744,0.1840074524124656,76705f2297ea8ed84a43
matched_depth12,uniform,0.025,103,28,0.22047335102642032,0.18584852698382615,76705f2297ea8ed84a43
matched_depth12,uniform,0.025,103,29,0.2197015820744235,0.18626628189018551,76705f2297ea8ed84a43
matched_depth12,step_early,0.025,101,0,24.71728380734172,1.0028063464069614,4f5521440925328cfb1e
matched_depth12,step_early,0.025,101,1,1.775658522640986,1.0175843122754271,4f5521440925328cfb1e
matched_depth12,step_early,0.025,101,2,2.3248312331358654,1.0399203596189202,4f5521440925328cfb1e
matched_depth12,step_early,0.025,101,3,1.9160436364112237,0.7994083540535762,4f5521440925328cfb1e
matched_depth12,step_early,0.025,101,4,1.36915047126685,0.40972763234130133,4f5521440925328cfb1e
matched_depth12,step_early,0.025,101,5,1.1108059473162426,0.9519932774851544,4f5521440925328cfb1e
matched_depth12,step_early,0.025,101,6,1.0853566547361668,0.5195349491803644,4f5521440925328cfb1e
matched_depth12,step_early,0.025,101,7,0.9669585169336865,0.5571602145799724,4f5521440925328cfb1e
matched_depth12,step_early,0.025,101,8,0.7886550416771283,0.24479902731603356,4f5521440925328cfb1e
matched_depth12,step_early,0.025,101,9,0.7441870396493152,0.506669596329158,4f5521440925328cfb1e
matched_depth12,step_early,0.025,101,10,0.6421234903555044,0.32436536438762925,4f5521440925328cfb1e
matched_depth12,step_early,0.025,101,11,0.5022604657826002,0.1997263802155456,4f5521440925328cfb1e
matched_depth12,step_early,0.025,101,12,0.4191047419111747,0.28902376307192573,4f5521440925328cfb1e
matched_depth12,step_early,0.025,101,13,0.4112229858644749,0.21736112158488496,4f5521440925328cfb1e
matched_depth12,step_early,0.025,101,14,0.3917944396243376,0.30022609942962225,4f5521440925328cfb1e
matched_depth12,step_early,0.025,101,15,0.36521977995453603,0.37324225344345563,4f5521440925328cfb1e
matched_depth12,step_early,0.025,101,16,0.3731737746375807,0.2905803339976701,4f5521440925328cfb1e
matched_depth12,step_early,0.025,101,17,0.2988302792092835,0.4372013312308767,4f5521440925328cfb1e
matched_depth12,step_early,0.025,101,18,0.3000558946314829,0.3269376191030947,4f5521440925328cfb1e
matched_depth12,step_early,0.025,101,19,0.2855968998149305,0.2276351083561313,4f5521440925328cfb1e
matched_depth12,step_early,0.025,101,20,0.26963390666299714,0.19284123734960482,4f5521440925328cfb1e
matched_depth12,step_early,0.025,101,21,0.24747078334508607,0.2577681603936493,4f5521440925328cfb1e
matched_depth12,step_early,0.025,101,22,0.23581055028430242,0.29062642305416947,4f5521440925328cfb1e
matched_depth12,step_early,0.025,101,23,0.22311606385651184,0.20364334695967584,4f5521440925328cfb1e
matched_depth12,step_early,0.025,101,24,0.22179760900785178,0.28407663290875007,4f5521440925328cfb1e
matched_depth12,step_early,0.025,101,25,0.2133552001611245,0.20023866527437892,4f5521440925328cfb1e
matched_depth12,step_early,0.025,101,26,0.20963480646677407,0.19861964999398762,4f5521440925328cfb1e
matched_depth12,step_early,0.025,101,27,0.20359358909674605,0.21341757559607263,4f5521440925328cfb1e
matched_depth12,step_early,0.025,101,28,0.20170318589200728,0.2135036882704002,4f5521440925328cfb1e
matched_depth12,step_early,0.025,101,29,0.20083152263923362,0.21167707358351515,4f5521440925328cfb1e
matched_depth12,step_early,0.025,100,0,30.87598696032397,2.533420095106347,f36db873f56c75d5e6fe
matched_depth12,step_early,0.025,100,1,1.7733505917093992,0.43516895195951266,f36db873f56c75d5e6fe
matched_depth12,step_early,0.025,100,2,2.5190744033943973,0.42008382400537175,f36db873f56c75d5e6fe
matched_depth12,step_early,0.025,100,3,1.4372447607046848,0.9493424712170552,f36db873f56c75d5e6fe
matched_depth12,step_early,0.025,100,4,1.1815341108395643,0.28206994320074186,f36db873f56c75d5e6fe
matched_depth12,step_early,0.025,100,5,0.9924387879302422,0.5441367213939532,f36db873f56c75d5e6fe
matched_depth12,step_early,0.025,100,6,0.8229107478200561,0.3869935728622424,f36db873f56c75d5e6fe
matched_depth12,step_early,0.025,100,7,0.6686635173890486,0.23770085662393703,f36db873f56c75d5e6fe
matched_depth12,step_early,0.025,100,8,0.7118064649405798,0.393982545909068,f36db873f56c75d5e6fe
matched_depth12,step_early,0.025,100,9,0.5552360402908902,0.23835304781271807,f36db873f56c75d5e6fe
matched_depth12,step_early,0.025,100,10,0.5123279606201343,0.3569476458984797,f36db873f56c75d5e6fe
matched_depth12,step_early,0.025,100,11,0.4000781766482717,0.2776070976647469,f36db873f56c75d5e6fe
matched_depth12,step_early,0.025,100,12,0.475648585755856,0.4168710818996535,f36db873f56c75d5e6fe
matched_depth12,step_early,0.025,100,13,0.39843474313031413,0.25854172209520343,f36db873f56c75d5e6fe
matched_depth12,step_early,0.025,100,14,0.4099918821992694,0.197334906798822,f36db873f56c75d5e6fe
matched_depth12,step_early,0.025,100,15,0.3616471333465753,0.3282539312228814,f36db873f56c75d5e6fe
matched_depth12,step_early,0.025,100,16,0.3387843747412651,0.33434841505845175,f36db873f56c75d5e6fe
matched_depth12,step_early,0.025,100,17,0.3156362873493188,0.22387850042125684,f36db873f56c75d5e6fe
matched_depth12,step_early,0.025,100,18,0.2978974191079387,0.26725460053211086,f36db873f56c75d5e6fe
matched_depth12,step_early,0.025,100,19,0.26275618830913744,0.19431584630793344,f36db873f56c75d5e6fe
matched_depth12,step_early,0.025,100,20,0.26637242376945786,0.22723838765045162,f36db873f56c75d5e6fe
matched_depth12,step_early,0.025,100,21,0.24867620999862317,0.254243602981991,f36db873f56c75d5e6fe
matched_depth12,step_early,0.025,100,22,0.2393572075299667,0.19999488385531475,f36db873f56c75d5e6fe
matched_depth12,step_early,0.025,100,23,0.25197238357854757,0.2065490020282568,f36db873f56c75d5e6fe
matched_depth12,step_early,0.025,100,24,0.23036407691463082,0.25919006372851233,f36db873f56c75d5e6fe
matched_depth12,step_early,0.025,100,25,0.22234463731840448,0.19319705850475621,f36db873f56c75d5e6fe
matched_depth12,step_early,0.025,100,26,0.21031475712692504,0.2042696462682398,f36db873f56c75d5e6fe
matched_depth12,step_early,0.025,100,27,0.20581950857282855,0.20085566310330702,f36db873f56c75d5e6fe
matched_depth12,step_early,0.025,100,28,0.2045158943380947,0.20916961639280443,f36db873f56c75d5e6fe
matched_depth12,step_early,0.025,100,29,0.20282620510398328,0.2072959906671883,f36db873f56c75d5e6fe
matched_depth12,step_early,0.025,102,0,29.461015046907093,2.2661462135539097,f9e379d8da6683a08ceb
matched_depth12,step_early,0.025,102,1,1.6475940566357452,5.41924458829735,f9e379d8da6683a08ceb
matched_depth12,step_early,0.025,102,2,2.4733216284094848,0.5946764598415241,f9e379d8da6683a08ceb
matched_depth12,step_early,0.025,102,3,1.682884174250167,0.4181036581937933,f9e379d8da6683a08ceb
matched_depth12,step_early,0.025,102,4,1.3832824382273667,0.5616379755309516,f9e379d8da6683a08ceb
matched_depth12,step_early,0.025,102,5,1.1283132690784974,0.2241456394200637,f9e379d8da6683a08ceb
matched_depth12,step_early,0.025,102,6,0.9396233189406021,0.2649860975075032,f9e379d8da6683a08ceb
matched_depth12,step_early,0.025,102,7,0.8180993773840409,0.3359040877812543,f9e379d8da6683a08ceb
matched_depth12,step_early,0.025,102,8,0.6290490737380374,0.30186850662601883,f9e379d8da6683a08ceb
matched_depth12,step_early,0.025,102,9,0.4872718778070994,0.3368297885562324,f9e379d8da6683a08ceb
matched_depth12,step_early,0.025,102,10,0.5702468044385377,0.30041572566957186,f9e379d8da6683a08ceb
matched_depth12,step_early,0.025,102,11,0.4271477305474345,0.38413747987167784,f9e379d8da6683a08ceb
matched_depth12,step_early,0.025,102,12,0.3887320048754653,0.43697548700205446,f9e379d8da6683a08ceb
matched_depth12,step_early,0.025,102,13,0.35678383425167004,0.25777068366082406,f9e379d8da6683a08ceb
matched_depth12,step_early,0.025,102,14,0.4055151788275982,0.261195651053368,f9e379d8da6683a08ceb
matched_depth12,step_early,0.025,102,15,0.38469380831376043,0.48180607301943174,f9e379d8da6683a08ceb
matched_depth12,step_early,0.025,102,16,0.33042580002257826,0.22430916389153474,f9e379d8da6683a08ceb
matched_depth12,step_early,0.025,102,17,0.3184204596917372,0.4274484737907333,f9e379d8da6683a08ceb
matched_depth12,step_early,0.025,102,18,0.3120443484159859,0.237251434928819,f9e379d8da6683a08ceb
matched_depth12,step_early,0.025,102,19,0.2922390855639652,0.20154365518452522,f9e379d8da6683a08ceb
matched_depth12,step_early,0.025,102,20,0.2421488373683289,0.1981629336915633,f9e379d8da6683a08ceb
matched_depth12,step_early,0.025,102,21,0.24446782768825695,0.20592448756717896,f9e379d8da6683a08ceb
matched_depth12,step_early,0.025,102,22,0.23284563801969677,0.1865549204905824,f9e379d8da6683a08ceb
matched_depth12,step_early,0.025,102,23,0.2175148631753796,0.2501420656006302,f9e379d8da6683a08ceb
matched_depth12,step_early,0.025,102,24,0.21540060149541768,0.21072720991061097,f9e379d8da6683a08ceb
matched_depth12,step_early,0.025,102,25,0.21284371599757126,0.22658571427843777,f9e379d8da6683a08ceb
matched_depth12,step_early,0.025,102,26,0.20518229140219288,0.2144940910620866,f9e379d8da6683a08ceb
matched_depth12,step_early,0.025,102,27,0.20304848483708407,0.21018464271499032,f9e379d8da6683a08ceb
matched_depth12,step_early,0.025,102,28,0.20096998471556685,0.20856006948965833,f9e379d8da6683a08ceb
matched_depth12,step_early,0.025,102,29,0.1996384409854654,0.20939132540159178,f9e379d8da6683a08ceb
matched_depth12,step_early,0.025,103,0,27.084486976548,1.3361595820291838,cd38d4dde0dbe41cab7c
matched_depth12,step_early,0.025,103,1,1.7123995664745753,0.9396773163507187,cd38d4dde0dbe41cab7c
matched_depth12,step_early,0.025,103,2,2.2818337815746332,1.0179956605647473,cd38d4dde0dbe41cab7c
matched_depth12,step_early,0.025,103,3,2.1811682121185174,0.8020510596527503,cd38d4dde0dbe41cab7c
matched_depth12,step_early,0.025,103,4,1.5652598470227417,0.40690784824516096,cd38d4dde0dbe41cab7c
matched_depth12,step_early,0.025,103,5,1.1712994549141016,0.9333609740346829,cd38d4dde0dbe41cab7c
matched_depth12,step_early,0.025,103,6,0.9508078823627264,0.2852276635942634,cd38d4dde0dbe41cab7c
matched_depth12,step_early,0.025,103,7,0.9281903551534681,0.2824839109466927,cd38d4dde0dbe41cab7c
matched_depth12,step_early,0.025,103,8,0.7816931599230916,0.2187024335249129,cd38d4dde0dbe41cab7c
matched_depth12,step_early,0.025,103,9,0.5639789192980209,0.3903206653501212,cd38d4dde0dbe41cab7c
matched_depth12,step_early,0.025,103,10,0.5257094984003478,0.269755248295992,cd38d4dde0dbe41cab7c
matched_depth12,step_early,0.025,103,11,0.4716097453433689,0.3501362472320334,cd38d4dde0dbe41cab7c
matched_depth12,step_early,0.025,103,12,0.416709839362333,0.31912231271272257,cd38d4dde0dbe41cab7c
matched_depth12,step_early,0.025,103,13,0.3764689145519508,0.2501580641800886,cd38d4dde0dbe41cab7c
matched_depth12,step_early,0.025,103,14,0.4401733469988519,0.28727209846964036,cd38d4dde0dbe41cab7c
matched_depth12,step_early,0.025,103,15,0.34761523010866396,0.21938916917056925,cd38d4dde0dbe41cab7c
matched_depth12,step_early,0.025,103,16,0.35377601035171125,0.30895187317832884,cd38d4dde0dbe41cab7c
matched_depth12,step_early,0.025,103,17,0.30997074543914077,0.6116215695547049,cd38d4dde0dbe41cab7c
matched_depth12,step_early,0.025,103,18,0.33621847339148253,0.5177774977832538,cd38d4dde0dbe41cab7c
matched_depth12,step_early,0.025,103,19,0.2965050552643548,0.369126363596287,cd38d4dde0dbe41cab7c
matched_depth12,step_early,0.025,103,20,0.29341636889080347,0.19588112216585005,cd38d4dde0dbe41cab7c
matched_depth12,step_early,0.025,103,21,0.2506264760035869,0.19190259785681424,cd38d4dde0dbe41cab7c
matched_depth12,step_early,0.025,103,22,0.2418349157085044,0.21581476213612893,cd38d4dde0dbe41cab7c
matched_depth12,step_early,0.025,103,23,0.24144626090369437,0.24676787016481844,cd38d4dde0dbe41cab7c
matched_depth12,step_early,0.025,103,24,0.2274275322548794,0.2117210074515431,cd38d4dde0dbe41cab7c
matched_depth12,step_early,0.025,103,25,0.21786378415097998,0.1920584520791114,cd38d4dde0dbe41cab7c
matched_depth12,step_early,0.025,103,26,0.21190374851650484,0.1966534885718737,cd38d4dde0dbe41cab7c
matched_depth12,step_early,0.025,103,27,0.2090956364512341,0.20126436753754487,cd38d4dde0dbe41cab7c
matched_depth12,step_early,0.025,103,28,0.2056186436318483,0.20147262402140534,cd38d4dde0dbe41cab7c
matched_depth12,step_early,0.025,103,29,0.20448425149355334,0.2047734029604486,cd38d4dde0dbe41cab7c
matched_depth12,big_step,0.025,101,0,24.486035611452873,0.9268544687251599,4c7b8ac82fdebc0edfa3
matched_depth12,big_step,0.025,101,1,1.8036469708048912,1.567934449104928,4c7b8ac82fdebc0edfa3
matched_depth12,big_step,0.025,101,2,2.689768292950369,1.5654961969150554,4c7b8ac82fdebc0edfa3
matched_depth12,big_step,0.025,101,3,1.8672858604026437,0.9418679315971192,4c7b8ac82fdebc0edfa3
matched_depth12,big_step,0.025,101,4,1.5058662764692017,0.8743534969652959,4c7b8ac82fdebc0edfa3
matched_depth12,big_step,0.025,101,5,1.0882079684738915,0.3320583432857819,4c7b8ac82fdebc0edfa3
matched_depth12,big_step,0.025,101,6,1.0750762957945517,0.26722597665186754,4c7b8ac82fdebc0edfa3
matched_depth12,big_step,0.025,101,7,0.8122275907248556,0.6393157853742296,4c7b8ac82fdebc0edfa3
matched_depth12,big_step,0.025,101,8,0.7310068854913573,0.2679760368092241,4c7b8ac82fdebc0edfa3
matched_depth12,big_step,0.025,101,9,0.5573259811065933,0.2829550416587079,4c7b8ac82fdebc0edfa3
matched_depth12,big_step,0.025,101,10,0.5305046642913248,0.8995859554121514,4c7b8ac82fdebc0edfa3
matched_depth12,big_step,0.025,101,11,0.6213590500077066,0.36948711669419904,4c7b8ac82fdebc0edfa3
matched_depth12,big_step,0.025,101,12,0.5253581865183101,0.24890539404117518,4c7b8ac82fdebc0edfa3
matched_depth12,big_step,0.025,101,13,0.4123623656174654,0.5359554854401319,4c7b8ac82fdebc0edfa3
matched_depth12,big_step,0.025,101,14,0.3840359780010212,0.2988479775903312,4c7b8ac82fdebc0edfa3
matched_depth12,big_step,0.025,101,15,0.354663666501433,0.2543447322352586,4c7b8ac82fdebc0edfa3
matched_depth12,big_step,0.025,101,16,0.3262450810942624,0.2406580075608112,4c7b8ac82fdebc0edfa3
matched_depth12,big_step,0.025,101,17,0.30009639681612776,0.191417153268077,4c7b8ac82fdebc0edfa3
matched_depth12,big_step,0.025,101,18,0.25930462173208835,0.31188412093482104,4c7b8ac82fdebc0edfa3
matched_depth12,big_step,0.025,101,19,0.2670089796402119,0.2043378689901454,4c7b8ac82fdebc0edfa3
matched_depth12,big_step,0.025,101,20,0.24440000201468776,0.35687989119792085,4c7b8ac82fdebc0edfa3
matched_depth12,big_step,0.025,101,21,0.2458337023266757,0.2874939560052584,4c7b8ac82fdebc0edfa3
matched_depth12,big_step,0.025,101,22,0.2250944839862627,0.18586873326783498,4c7b8ac82fdebc0edfa3
matched_depth12,big_step,0.025,101,23,0.21525336223585828,0.18800051261537473,4c7b8ac82fdebc0edfa3
matched_depth12,big_step,0.025,101,24,0.2148028874842202,0.20110690299838474,4c7b8ac82fdebc0edfa3
matched_depth12,big_step,0.025,101,25,0.2065487307981567,0.18619805775619083,4c7b8ac82fdebc0edfa3
matched_depth12,big_step,0.025,101,26,0.2014291814987336,0.19006830120366702,4c7b8ac82fdebc0edfa3
matched_depth12,big_step,0.025,101,27,0.20023284508389488,0.1860691775227334,4c7b8ac82fdebc0edfa3
matched_depth12,big_step,0.025,101,28,0.19841852987750982,0.18824813540066213,4c7b8ac82fdebc0edfa3
matched_depth12,big_step,0.025,101,29,0.19759857256863433,0.18766051612053458,4c7b8ac82fdebc0edfa3
matched_depth12,step_early,0.025,104,0,26.844119497962982,0.8134151473957083,668eef64a1e8b78d1c8c
matched_depth12,step_early,0.025,104,1,2.068876476354741,0.9321452593595081,668eef64a1e8b78d1c8c
matched_depth12,step_early,0.025,104,2,2.480463511110616,2.0778396595228763,668eef64a1e8b78d1c8c
matched_depth12,step_early,0.025,104,3,1.9348574874154272,0.9613415412345006,668eef64a1e8b78d1c8c
matched_depth12,step_early,0.025,104,4,1.3288391999947666,0.5051555396589777,668eef64a1e8b78d1c8c
matched_depth12,step_early,0.025,104,5,1.115357511346843,0.37999758520261284,668eef64a1e8b78d1c8c
matched_depth12,step_early,0.025,104,6,0.8696572614040493,0.3488110082660136,668eef64a1e8b78d1c8c
matched_depth12,step_early,0.025,104,7,0.7761894659545476,7.096110570292964,668eef64a1e8b78d1c8c
matched_depth12,step_early,0.025,104,8,0.5943022909040068,0.30495727827550817,668eef64a1e8b78d1c8c
matched_depth12,step_early,0.025,104,9,0.5590946927059401,0.2818673651305106,668eef64a1e8b78d1c8c
matched_depth12,step_early,0.025,104,10,0.3772897065278107,0.3341866459592904,668eef64a1e8b78d1c8c
matched_depth12,step_early,0.025,104,11,0.3960794547831181,0.3002777852805697,668eef64a1e8b78d1c8c
matched_depth12,step_early,0.025,104,12,0.3579861873201094,0.3295766430011879,668eef64a1e8b78d1c8c
matched_depth12,step_early,0.025,104,13,0.398440061403211,0.26355771497495456,668eef64a1e8b78d1c8c
matched_depth12,step_early,0.025,104,14,0.42537274207391357,0.4694924569242479,668eef64a1e8b78d1c8c
matched_depth12,step_early,0.025,104,15,0.4371705161415831,0.2480234271227912,668eef64a1e8b78d1c8c
matched_depth12,step_early,0.025,104,16,0.34194187746416166,0.3299905174830481,668eef64a1e8b78d1c8c
matched_depth12,step_early,0.025,104,17,0.3268538675490891,0.25731525787868753,668eef64a1e8b78d1c8c
matched_depth12,step_early,0.025,104,18,0.3140483395550261,0.2439757907563682,668eef64a1e8b78d1c8c
matched_depth12,step_early,0.025,104,19,0.2649596145396037,0.1992027193968478,668eef64a1e8b78d1c8c
matched_depth12,step_early,0.025,104,20,0.25711591140893786,0.1869416205700706,668eef64a1e8b78d1c8c
matched_depth12,step_early,0.025,104,21,0.2709852907686626,0.19506229697666363,668eef64a1e8b78d1c8c
matched_depth12,step_early,0.025,104,22,0.24120981800157085,0.2804045059479053,668eef64a1e8b78d1c8c
matched_depth12,step_early,0.025,104,23,0.22573818955764813,0.2075804161944082,668eef64a1e8b78d1c8c
matched_depth12,step_early,0.025,104,24,0.22162744915746382,0.2077015880481091,668eef64a1e8b78d1c8c
matched_depth12,step_early,0.025,104,25,0.2102059464274853,0.2134218464427709,668eef64a1e8b78d1c8c
matched_depth12,step_early,0.025,104,26,0.20545751122881564,0.2273770752092593,668eef64a1e8b78d1c8c
matched_depth12,step_early,0.025,104,27,0.20236086341523188,0.20515094862640196,668eef64a1e8b78d1c8c
matched_depth12,step_early,0.025,104,28,0.20181980358029294,0.20294560051110525,668eef64a1e8b78d1c8c
matched_depth12,step_early,0.025,104,29,0.20050834860664613,0.21012772972577637,668eef64a1e8b78d1c8c
matched_depth12,big_step,0.025,100,0,29.75171839170724,2.7147076047094356,2fa980311dd85440aa30
matched_depth12,big_step,0.025,100,1,2.1802427896576653,0.9843743787198646,2fa980311dd85440aa30
matched_depth12,big_step,0.025,100,2,2.432350207791172,1.0858911307491865,2fa980311dd85440aa30
matched_depth12,big_step,0.025,100,3,1.5018197413073076,0.24830244502892507,2fa980311dd85440aa30
matched_depth12,big_step,0.025,100,4,1.1337709822293571,0.42877460603773476,2fa980311dd85440aa30
matched_depth12,big_step,0.025,100,5,0.8799599424673269,0.5221401607310101,2fa980311dd85440aa30
matched_depth12,big_step,0.025,100,6,0.7836718773451283,0.9230504448356399,2fa980311dd85440aa30
matched_depth12,big_step,0.025,100,7,0.7781678656955436,0.4622956372010463,2fa980311dd85440aa30
matched_depth12,big_step,0.025,100,8,0.5548934256544183,0.32275085311250357,2fa980311dd85440aa30
matched_depth12,big_step,0.025,100,9,0.513667566582977,0.37819207147977735,2fa980311dd85440aa30
matched_depth12,big_step,0.025,100,10,0.4388755304065166,0.464978496145156,2fa980311dd85440aa30
matched_depth12,big_step,0.025,100,11,0.41463683270955004,0.42505661369647957,2fa980311dd85440aa30
matched_depth12,big_step,0.025,100,12,0.3674445978477365,0.3544670319749899,2fa980311dd85440aa30
matched_depth12,big_step,0.025,100,13,0.3111737162493305,0.21801658978326174,2fa980311dd85440aa30
matched_depth12,big_step,0.025,100,14,0.3647521510364357,0.26527684149740466,2fa980311dd85440aa30
matched_depth12,big_step,0.025,100,15,0.34229144641075576,0.40337095589633987,2fa980311dd85440aa30
matched_depth12,big_step,0.025,100,16,0.3518072155190218,0.3833731151462393,2fa980311dd85440aa30
matched_depth12,big_step,0.025,100,17,0.3570581674504781,0.19948109814209888,2fa980311dd85440aa30
matched_depth12,big_step,0.025,100,18,0.28960013717490457,0.20144718558098237,2fa980311dd85440aa30
matched_depth12,big_step,0.025,100,19,0.2951341681547159,0.2368370387523846,2fa980311dd85440aa30
matched_depth12,big_step,0.025,100,20,0.3010611655487714,0.35775673448365547,2fa980311dd85440aa30
matched_depth12,big_step,0.025,100,21,0.27574317120984104,0.22261502342225983,2fa980311dd85440aa30
matched_depth12,big_step,0.025,100,22,0.25580812483285753,0.27787153518996566,2fa980311dd85440aa30
matched_depth12,big_step,0.025,100,23,0.23208831448842254,0.22585080909705701,2fa980311dd85440aa30
matched_depth12,big_step,0.025,100,24,0.22594116032055628,0.18948405556752043,2fa980311dd85440aa30
matched_depth12,big_step,0.025,100,25,0.21618876372160592,0.1888867302292733,2fa980311dd85440aa30
matched_depth12,big_step,0.025,100,26,0.21519176261959544,0.2023270807256516,2fa980311dd85440aa30
matched_depth12,big_step,0.025,100,27,0.20819565849489777,0.18738280051466696,2fa980311dd85440aa30
matched_depth12,big_step,0.025,100,28,0.20397026827638876,0.19235755345637845,2fa980311dd85440aa30
matched_depth12,big_step,0.025,100,29,0.20309785617437415,0.19116477184810804,2fa980311dd85440aa30
matched_depth12,big_step,0.025,102,0,28.10477111672311,1.9366883042519514,ae722b197bf02e8dac6d
matched_depth12,big_step,0.025,102,1,1.7366993265278265,0.5956279862253948,ae722b197bf02e8dac6d
matched_depth12,big_step,0.025,102,2,2.456917306453391,1.2165062178184654,ae722b197bf02e8dac6d
matched_depth12,big_step,0.025,102,3,1.9119546244777832,0.7949704835148568,ae722b197bf02e8dac6d
matched_depth12,big_step,0.025,102,4,1.446925285138984,0.24713700835458915,ae722b197bf02e8dac6d
matched_depth12,big_step,0.025,102,5,1.0907702893458768,0.39244729041930293,ae722b197bf02e8dac6d
matched_depth12,big_step,0.025,102,6,0.9862932443858407,1.0149714010623143,ae722b197bf02e8dac6d
matched_depth12,big_step,0.025,102,7,0.7581794351982578,0.3080847688084624,ae722b197bf02e8dac6d
matched_depth12,big_step,0.025,102,8,0.695259201547517,0.7025527625337236,ae722b197bf02e8dac6d
matched_depth12,big_step,0.025,102,9,0.5557405627637619,0.3729292374633086,ae722b197bf02e8dac6d
matched_depth12,big_step,0.025,102,10,0.49376179852194296,0.6028891451904916,ae722b197bf02e8dac6d
matched_depth12,big_step,0.025,102,11,0.44347272114729314,0.25297352790048455,ae722b197bf02e8dac6d
matched_depth12,big_step,0.025,102,12,0.3662464914609309,0.20878421853785714,ae722b197bf02e8dac6d
matched_depth12,big_step,0.025,102,13,0.3433307490134358,0.2179627788007266,ae722b197bf02e8dac6d
matched_depth12,big_step,0.025,102,14,0.3801992065419183,0.4245373617460124,ae722b197bf02e8dac6d
matched_depth12,big_step,0.025,102,15,0.34058954667919794,0.218456753555671,ae722b197bf02e8dac6d
matched_depth12,big_step,0.025,102,16,0.32586790851848846,0.2164997560756213,ae722b197bf02e8dac6d
matched_depth12,big_step,0.025,102,17,0.3040229950330358,0.323457175784768,ae722b197bf02e8dac6d
matched_depth12,big_step,0.025,102,18,0.2668119562979191,0.21725610507760595,ae722b197bf02e8dac6d
matched_depth12,big_step,0.025,102,19,0.2620540253458974,0.2892089290289731,ae722b197bf02e8dac6d
matched_depth12,big_step,0.025,102,20,0.2503539577055015,0.22648419393330088,ae722b197bf02e8dac6d
matched_depth12,big_step,0.025,102,21,0.24143418250376275,0.5087155578928471,ae722b197bf02e8dac6d
matched_depth12,big_step,0.025,102,22,0.23572282071381456,0.19369265439997121,ae722b197bf02e8dac6d
matched_depth12,big_step,0.025,102,23,0.2198793795526631,0.21846063494511156,ae722b197bf02e8dac6d
matched_depth12,big_step,0.025,102,24,0.2130070733521501,0.20119182321248555,ae722b197bf02e8dac6d
matched_depth12,big_step,0.025,102,25,0.20682681438233855,0.19772061751712317,ae722b197bf02e8dac6d
matched_depth12,big_step,0.025,102,26,0.2057029849860961,0.18592346588514483,ae722b197bf02e8dac6d
matched_depth12,big_step,0.025,102,27,0.20168916766549203,0.19377940385790676,ae722b197bf02e8dac6d
matched_depth12,big_step,0.025,102,28,0.1995357499723959,0.1874173405084908,ae722b197bf02e8dac6d
matched_depth12,big_step,0.025,102,29,0.19766289202455897,0.18821632667090157,ae722b197bf02e8dac6d
matched_depth12,big_step,0.025,104,0,27.971587884717504,0.6219798467606366,d22b35b57d81009f6ef6
matched_depth12,big_step,0.025,104,1,1.5579915742315138,3.628487148260994,d22b35b57d81009f6ef6
matched_depth12,big_step,0.025,104,2,2.6317779597509383,0.3344898407327159,d22b35b57d81009f6ef6
matched_depth12,big_step,0.025,104,3,1.9568101964033795,1.130478501810336,d22b35b57d81009f6ef6
matched_depth12,big_step,0.025,104,4,1.4535229162099226,0.48025471800377695,d22b35b57d81009f6ef6
matched_depth12,big_step,0.025,104,5,1.1795340405521002,0.3480686412046573,d22b35b57d81009f6ef6
matched_depth12,big_step,0.025,104,6,1.015841450966083,0.3519918829459504,d22b35b57d81009f6ef6
matched_depth12,big_step,0.025,104,7,0.875065747616169,0.4276325632881172,d22b35b57d81009f6ef6
matched_depth12,big_step,0.025,104,8,0.730475120613655,0.35037050746204634,d22b35b57d81009f6ef6
matched_depth12,big_step,0.025,104,9,0.6775787257288114,0.4045715128761292,d22b35b57d81009f6ef6
matched_depth12,big_step,0.025,104,10,0.5237096167523294,0.6850711934625944,d22b35b57d81009f6ef6
matched_depth12,big_step,0.025,104,11,0.4964546387810897,0.30273153992155544,d22b35b57d81009f6ef6
matched_depth12,big_step,0.025,104,12,0.47847114576245836,0.2997779004387996,d22b35b57d81009f6ef6
matched_depth12,big_step,0.025,104,13,0.41113024734513465,0.39795262923603536,d22b35b57d81009f6ef6
matched_depth12,big_step,0.025,104,14,0.3383121240696583,0.3082743077203837,d22b35b57d81009f6ef6
matched_depth12,big_step,0.025,104,15,0.36396125802458035,0.2985058341367839,d22b35b57d81009f6ef6
matched_depth12,big_step,0.025,104,16,0.34306915688089673,0.23301559159372331,d22b35b57d81009f6ef6
matched_depth12,big_step,0.025,104,17,0.3364642276154239,0.2679367802806062,d22b35b57d81009f6ef6
matched_depth12,big_step,0.025,104,18,0.28554636032643904,0.35417699126354757,d22b35b57d81009f6ef6
matched_depth12,big_step,0.025,104,19,0.2863287873998707,0.20800497652223113,d22b35b57d81009f6ef6
matched_depth12,big_step,0.025,104,20,0.2707439339190935,0.3064802637263071,d22b35b57d81009f6ef6
matched_depth12,big_step,0.025,104,21,0.26079283293219785,0.22742884941771382,d22b35b57d81009f6ef6
matched_depth12,big_step,0.025,104,22,0.2440039603255727,0.27483673438215994,d22b35b57d81009f6ef6
matched_depth12,big_step,0.025,104,23,0.22968030320917326,0.20115180352069792,d22b35b57d81009f6ef6
matched_depth12,big_step,0.025,104,24,0.22381759689786285,0.25785360782397443,d22b35b57d81009f6ef6
matched_depth12,big_step,0.025,104,25,0.22048672830706836,0.22543849163312277,d22b35b57d81009f6ef6
matched_depth12,big_step,0.025,104,26,0.21063989414698048,0.1966359170624169,d22b35b57d81009f6ef6
matched_depth12,big_step,0.025,104,27,0.20317097588300342,0.1900555545509554,d22b35b57d81009f6ef6
matched_depth12,big_step,0.025,104,28,0.20082514208519214,0.19046772175497345,d22b35b57d81009f6ef6
matched_depth12,big_step,0.025,104,29,0.20040699896257433,0.19314687640256997,d22b35b57d81009f6ef6
matched_depth12,linear_early,0.025,101,0,23.184962130231256,1.708911635067001,4e612010d022759b18d8
matched_depth12,linear_early,0.025,101,1,1.9928650672094668,2.031618624279974,4e612010d022759b18d8
matched_depth12,linear_early,0.025,101,2,2.3510045421289147,0.7234309924753519,4e612010d022759b18d8
matched_depth12,linear_early,0.025,101,3,1.8820143764739314,0.8904068000585476,4e612010d022759b18d8
matched_depth12,linear_early,0.025,101,4,1.3354090045870495,0.6711464983443337,4e612010d022759b18d8
matched_depth12,linear_early,0.025,101,5,1.0151994218079878,0.24482271737681424,4e612010d022759b18d8
matched_depth12,linear_early,0.025,101,6,0.889644092012654,1.211880930232009,4e612010d022759b18d8
matched_depth12,linear_early,0.025,101,7,0.8131872445101279,0.2832604685324352,4e612010d022759b18d8
matched_depth12,linear_early,0.025,101,8,0.6857475929307242,0.5943405699725062,4e612010d022759b18d8
matched_depth12,linear_early,0.025,101,9,0.5779774816317433,0.2164876999055497,4e612010d022759b18d8
matched_depth12,linear_early,0.025,101,10,0.48036623643162984,0.30177437066397356,4e612010d022759b18d8
matched_depth12,linear_early,0.025,101,11,0.49654393849089606,0.469935082839057,4e612010d022759b18d8
matched_depth12,linear_early,0.025,101,12,0.4745470337387288,0.6321409627148362,4e612010d022759b18d8
matched_depth12,linear_early,0.025,101,13,0.41269153175840284,0.27532537629777654,4e612010d022759b18d8
matched_depth12,linear_early,0.025,101,14,0.37223424444674513,0.3105833745558602,4e612010d022759b18d8
matched_depth12,linear_early,0.025,101,15,0.37616636091217437,0.19825771974331272,4e612010d022759b18d8
matched_depth12,linear_early,0.025,101,16,0.33317266191075656,0.3702204780834528,4e612010d022759b18d8
matched_depth12,linear_early,0.025,101,17,0.360424190971498,0.3084739734318482,4e612010d022759b18d8
matched_depth12,linear_early,0.025,101,18,0.2905861527068287,0.3917091979698511,4e612010d022759b18d8
matched_depth12,linear_early,0.025,101,19,0.2755122915680627,0.2163701117239299,4e612010d022759b18d8
matched_depth12,linear_early,0.025,101,20,0.24529510304943364,0.2046301500655393,4e612010d022759b18d8
matched_depth12,linear_early,0.025,101,21,0.25076147239629354,0.22052620162700165,4e612010d022759b18d8
matched_depth12,linear_early,0.025,101,22,0.22670167184138892,0.1932137857871731,4e612010d022759b18d8
matched_depth12,linear_early,0.025,101,23,0.2210357425397747,0.255255955950698,4e612010d022759b18d8
matched_depth12,linear_early,0.025,101,24,0.2158670633825015,0.19169912493441393,4e612010d022759b18d8
matched_depth12,linear_early,0.025,101,25,0.21194125784023507,0.18627789356084054,4e612010d022759b18d8
matched_depth12,linear_early,0.025,101,26,0.20520087280341523,0.1856756932396028,4e612010d022759b18d8
matched_depth12,linear_early,0.025,101,27,0.20244176874859626,0.18629608331115613,4e612010d022759b18d8
matched_depth12,linear_early,0.025,101,28,0.20077645419996115,0.18606803505669686,4e612010d022759b18d8
matched_depth12,linear_early,0.025,101,29,0.20014236302209237,0.18630545482883026,4e612010d022759b18d8
matched_depth12,linear_early,0.025,100,0,29.014518512339816,0.7869448456358419,35a1f5359777548e7cb9
matched_depth12,linear_early,0.025,100,1,2.0549958911328106,3.3383933898848075,35a1f5359777548e7cb9
matched_depth12,linear_early,0.025,100,2,2.243248811500264,0.6333445167033822,35a1f5359777548e7cb9
matched_depth12,linear_early,0.025,100,3,1.654874553720836,0.9829525055250624,35a1f5359777548e7cb9
matched_depth12,linear_early,0.025,100,4,1.1737574320452688,0.3061371538118292,35a1f5359777548e7cb9
matched_depth12,linear_early,0.025,100,5,0.9019447407524073,0.2553972947038372,35a1f5359777548e7cb9
matched_depth12,linear_early,0.025,100,6,0.7137761094485696,0.49475933140636064,35a1f5359777548e7cb9
matched_depth12,linear_early,0.025,100,7,0.6176392689190858,0.5620706453158347,35a1f5359777548e7cb9
matched_depth12,linear_early,0.025,100,8,0.8101630204336006,0.5135245813126624,35a1f5359777548e7cb9
matched_depth12,linear_early,0.025,100,9,0.532788159569114,0.4418747608406037,35a1f5359777548e7cb9
matched_depth12,linear_early,0.025,100,10,0.46265889939211513,0.4540457431438102,35a1f5359777548e7cb9
matched_depth12,linear_early,0.025,100,11,0.3685192684674478,0.45188912563062283,35a1f5359777548e7cb9
matched_depth12,linear_early,0.025,100,12,0.46603958762962217,0.273169618681297,35a1f5359777548e7cb9
matched_depth12,linear_early,0.025,100,13,0.43708091575068064,0.3108950814099576,35a1f5359777548e7cb9
matched_depth12,linear_early,0.025,100,14,0.3898159024410548,0.2158438285297902,35a1f5359777548e7cb9
matched_depth12,linear_early,0.025,100,15,0.35162631430796526,0.5349118739827813,35a1f5359777548e7cb9
matched_depth12,linear_early,0.025,100,16,0.34335358058561766,0.2270247206240076,35a1f5359777548e7cb9
matched_depth12,linear_early,0.025,100,17,0.3014446694119131,0.20017191009111174,35a1f5359777548e7cb9
matched_depth12,linear_early,0.025,100,18,0.30148642197427183,0.1885799840657481,35a1f5359777548e7cb9
matched_depth12,linear_early,0.025,100,19,0.2791388853137628,0.23545687323204187,35a1f5359777548e7cb9
matched_depth12,linear_early,0.025,100,20,0.2633475129615321,0.18598573606457647,35a1f5359777548e7cb9
matched_depth12,linear_early,0.025,100,21,0.24844540389995567,0.28141115613480433,35a1f5359777548e7cb9
matched_depth12,linear_early,0.025,100,22,0.2327168382199596,0.19615228626074396,35a1f5359777548e7cb9
matched_depth12,linear_early,0.025,100,23,0.2236168215580872,0.1958279369137776,35a1f5359777548e7cb9
matched_depth12,linear_early,0.025,100,24,0.2163102680547796,0.19528891000115786,35a1f5359777548e7cb9
matched_depth12,linear_early,0.025,100,25,0.21544516866739674,0.19396934115698838,35a1f5359777548e7cb9
matched_depth12,linear_early,0.025,100,26,0.21087807221520444,0.19213846420846606,35a1f5359777548e7cb9
matched_depth12,linear_early,0.025,100,27,0.20457544899452246,0.18465670852642196,35a1f5359777548e7cb9
matched_depth12,linear_early,0.025,100,28,0.2032850003043376,0.18344617177097175,35a1f5359777548e7cb9
matched_depth12,linear_early,0.025,100,29,0.20178003388447668,0.18437733501114908,35a1f5359777548e7cb9
matched_depth12,big_step,0.025,103,0,25.48377548087839,1.2537589007195629,4b58938a2d978ec51cb8
matched_depth12,big_step,0.025,103,1,1.6725240400320733,1.3874023415776513,4b58938a2d978ec51cb8
matched_depth12,big_step,0.025,103,2,2.597212665957458,3.886552706959624,4b58938a2d978ec51cb8
matched_depth12,big_step,0.025,103,3,2.6307680783638254,0.4974075868112645,4b58938a2d978ec51cb8
matched_depth12,big_step,0.025,103,4,1.648064800378423,0.5393437817675991,4b58938a2d978ec51cb8
matched_depth12,big_step,0.025,103,5,1.220154803826849,0.6609183590316,4b58938a2d978ec51cb8
matched_depth12,big_step,0.025,103,6,1.1136151935561405,0.5672242548472493,4b58938a2d978ec51cb8
matched_depth12,big_step,0.025,103,7,0.900288963011785,0.31672698374270253,4b58938a2d978ec51cb8
matched_depth12,big_step,0.025,103,8,0.8046319145113247,0.6066835064818878,4b58938a2d978ec51cb8
matched_depth12,big_step,0.025,103,9,0.7369536036409786,0.2713112805345904,4b58938a2d978ec51cb8
matched_depth12,big_step,0.025,103,10,0.5731504095743374,0.2778093292647433,4b58938a2d978ec51cb8
matched_depth12,big_step,0.025,103,11,0.5247398350402441,0.3396272016998611,4b58938a2d978ec51cb8
matched_depth12,big_step,0.025,103,12,0.4252799813170116,0.22578264315323476,4b58938a2d978ec51cb8
matched_depth12,big_step,0.025,103,13,0.3853984629167017,0.6336031239629146,4b58938a2d978ec51cb8
matched_depth12,big_step,0.025,103,14,0.3992337460430628,0.24054189406926196,4b58938a2d978ec51cb8
matched_depth12,big_step,0.025,103,15,0.3897712933272224,0.8198497467047117,4b58938a2d978ec51cb8
matched_depth12,big_step,0.025,103,16,0.3098489449786426,0.2345440347487702,4b58938a2d978ec51cb8
matched_depth12,big_step,0.025,103,17,0.3394699037167066,0.3145413683824616,4b58938a2d978ec51cb8
matched_depth12,big_step,0.025,103,18,0.30268014269931526,0.3219765388316038,4b58938a2d978ec51cb8
matched_depth12,big_step,0.025,103,19,0.28294198528829395,0.21846136657520412,4b58938a2d978ec51cb8
matched_depth12,big_step,0.025,103,20,0.26423343010425476,0.23597935534327166,4b58938a2d978ec51cb8
matched_depth12,big_step,0.025,103,21,0.25611908183078175,0.2476606463082945,4b58938a2d978ec51cb8
matched_depth12,big_step,0.025,103,22,0.2482357563936121,0.22097859385514562,4b58938a2d978ec51cb8
matched_depth12,big_step,0.025,103,23,0.22842355565039993,0.1888768635577627,4b58938a2d978ec51cb8
matched_depth12,big_step,0.025,103,24,0.22669088561264444,0.27545859190110467,4b58938a2d978ec51cb8
matched_depth12,big_step,0.025,103,25,0.2148256688268788,0.1878769139650655,4b58938a2d978ec51cb8
matched_depth12,big_step,0.025,103,26,0.20934624907889746,0.18843036224638057,4b58938a2d978ec51cb8
matched_depth12,big_step,0.025,103,27,0.20338060298237282,0.18702862210809323,4b58938a2d978ec51cb8
matched_depth12,big_step,0.025,103,28,0.20145608545409485,0.19122635762181525,4b58938a2d978ec51cb8
matched_depth12,big_step,0.025,103,29,0.2003931984797769,0.19277403308614618,4b58938a2d978ec51cb8
matched_depth12,linear_early,0.025,104,0,26.81695965364118,2.4130280821657655,05f517f74b93dd805ac5
matched_depth12,linear_early,0.025,104,1,2.073377410225332,1.6132615217606778,05f517f74b93dd805ac5
matched_depth12,linear_early,0.025,104,2,2.3141870108107194,1.6855858225342288,05f517f74b93dd805ac5
matched_depth12,linear_early,0.025,104,3,2.2828226783618524,0.45733048585372116,05f517f74b93dd805ac5
matched_depth12,linear_early,0.025,104,4,1.3549821465291285,0.441628641213007,05f517f74b93dd805ac5
matched_depth12,linear_early,0.025,104,5,0.9505809577941341,1.5768588305685116,05f517f74b93dd805ac5
matched_depth12,linear_early,0.025,104,6,0.9392666538677056,0.3389111487087022,05f517f74b93dd805ac5
matched_depth12,linear_early,0.025,104,7,0.6972092772569214,0.41466980733529285,05f517f74b93dd805ac5
matched_depth12,linear_early,0.025,104,8,0.5942485984805645,0.2614544523430091,05f517f74b93dd805ac5
matched_depth12,linear_early,0.025,104,9,0.5169476146700296,0.4254804102783939,05f517f74b93dd805ac5
matched_depth12,linear_early,0.025,104,10,0.45690783915582317,0.2650953495139816,05f517f74b93dd805ac5
matched_depth12,linear_early,0.025,104,11,0.3698142784020087,0.2984557518403737,05f517f74b93dd805ac5
matched_depth12,linear_early,0.025,104,12,0.47259684621588,0.2954996252668512,05f517f74b93dd805ac5
matched_depth12,linear_early,0.025,104,13,0.3660249719055295,0.2415330466439738,05f517f74b93dd805ac5
matched_depth12,linear_early,0.025,104,14,0.3242760357829798,0.27289020481790377,05f517f74b93dd805ac5
matched_depth12,linear_early,0.025,104,15,0.344199170601189,0.34485440058854505,05f517f74b93dd805ac5
matched_depth12,linear_early,0.025,104,16,0.32891158142311094,0.30359715472040977,05f517f74b93dd805ac5
matched_depth12,linear_early,0.025,104,17,0.2912401197186298,0.2743155146235545,05f517f74b93dd805ac5
matched_depth12,linear_early,0.025,104,18,0.286024067482459,0.22424993521446235,05f517f74b93dd805ac5
matched_depth12,linear_early,0.025,104,19,0.26069553647267957,0.23030960743752493,05f517f74b93dd805ac5
matched_depth12,linear_early,0.025,104,20,0.24803705279882876,0.22429789700055444,05f517f74b93dd805ac5
matched_depth12,linear_early,0.025,104,21,0.23386324919198745,0.20076219519563712,05f517f74b93dd805ac5
matched_depth12,linear_early,0.025,104,22,0.2302436345508646,0.18695054986170528,05f517f74b93dd805ac5
matched_depth12,linear_early,0.025,104,23,0.21905247577156292,0.18324640215424176,05f517f74b93dd805ac5
matched_depth12,linear_early,0.025,104,24,0.2182999740004543,0.1821662994529272,05f517f74b93dd805ac5
matched_depth12,linear_early,0.025,104,25,0.20868775507845314,0.18653726512730856,05f517f74b93dd805ac5
matched_depth12,linear_early,0.025,104,26,0.20484579137474312,0.18715010727169312,05f517f74b93dd805ac5
matched_depth12,linear_early,0.025,104,27,0.20166093999960125,0.19186490953450958,05f517f74b93dd805ac5
matched_depth12,linear_early,0.025,104,28,0.19982771208931957,0.184390096000379,05f517f74b93dd805ac5
matched_depth12,linear_early,0.025,104,29,0.1993858788031344,0.1862620468194676,05f517f74b93dd805ac5
matched_depth12,linear_early,0.025,102,0,29.63503965572171,1.6815753405347214,ca289599ce7ebfd224d8
matched_depth12,linear_early,0.025,102,1,1.8764684282873287,0.6729692194905944,ca289599ce7ebfd224d8
matched_depth12,linear_early,0.025,102,2,2.1865542393676196,1.8917506087901619,ca289599ce7ebfd224d8
matched_depth12,linear_early,0.025,102,3,1.9070031682230688,0.2286482626034041,ca289599ce7ebfd224d8
matched_depth12,linear_early,0.025,102,4,1.1462667202052512,0.4259506808283392,ca289599ce7ebfd224d8
matched_depth12,linear_early,0.025,102,5,1.139173208484797,0.5428730951412615,ca289599ce7ebfd224d8
matched_depth12,linear_early,0.025,102,6,0.794997634554274,0.22882426423638952,ca289599ce7ebfd224d8
matched_depth12,linear_early,0.025,102,7,0.6094325849416744,0.24138316340133747,ca289599ce7ebfd224d8
matched_depth12,linear_early,0.025,102,8,0.6306794192441444,0.2633322643885162,ca289599ce7ebfd224d8
matched_depth12,linear_early,0.025,102,9,0.44059423053007324,0.21880073842822748,ca289599ce7ebfd224d8
matched_depth12,linear_early,0.025,102,10,0.4137722644185806,0.4374689276044606,ca289599ce7ebfd224d8
matched_depth12,linear_early,0.025,102,11,0.42301824094341073,0.43137703711552106,ca289599ce7ebfd224d8
matched_depth12,linear_early,0.025,102,12,0.3952253132372695,0.25754834735202115,ca289599ce7ebfd224d8
matched_depth12,linear_early,0.025,102,13,0.4275675711829631,0.18926238583903857,ca289599ce7ebfd224d8
matched_depth12,linear_early,0.025,102,14,0.36646261244046036,0.18752277510582163,ca289599ce7ebfd224d8
matched_depth12,linear_early,0.025,102,15,0.32171486663431,0.2893993323477218,ca289599ce7ebfd224d8
matched_depth12,linear_early,0.025,102,16,0.322564173542267,0.2098223957367215,ca289599ce7ebfd224d8
matched_depth12,linear_early,0.025,102,17,0.29932965604156314,0.30076351387691114,ca289599ce7ebfd224d8
matched_depth12,linear_early,0.025,102,18,0.2679898380934602,0.28306448584523186,ca289599ce7ebfd224d8
matched_depth12,linear_early,0.025,102,19,0.2637556280396235,0.21096949407005985,ca289599ce7ebfd224d8
matched_depth12,linear_early,0.025,102,20,0.2429679332630456,0.19933044810949518,ca289599ce7ebfd224d8
matched_depth12,linear_early,0.025,102,21,0.23368640098205512,0.25638932624053157,ca289599ce7ebfd224d8
matched_depth12,linear_early,0.025,102,22,0.2253473289026447,0.19331452056949755,ca289599ce7ebfd224d8
matched_depth12,linear_early,0.025,102,23,0.21946065758997726,0.1920586753459074,ca289599ce7ebfd224d8
matched_depth12,linear_early,0.025,102,24,0.2141229393087026,0.2001034437070647,ca289599ce7ebfd224d8
matched_depth12,linear_early,0.025,102,25,0.2077841949750819,0.21514605784324958,ca289599ce7ebfd224d8
matched_depth12,linear_early,0.025,102,26,0.20557973464256749,0.18299881211875388,ca289599ce7ebfd224d8
matched_depth12,linear_early,0.025,102,27,0.20158968166647537,0.19021823301720817,ca289599ce7ebfd224d8
matched_depth12,linear_early,0.025,102,28,0.19998753933535793,0.18475748205865306,ca289599ce7ebfd224d8
matched_depth12,linear_early,0.025,102,29,0.19848577194478254,0.18426005479829727,ca289599ce7ebfd224d8
matched_depth12,linear_early,0.025,103,0,25.546642481032546,2.0625492494028985,66323c43b801b26bf2f0
matched_depth12,linear_early,0.025,103,1,1.829867059773597,2.068287619393395,66323c43b801b26bf2f0
matched_depth12,linear_early,0.025,103,2,2.583296127570035,1.2180712297534544,66323c43b801b26bf2f0
matched_depth12,linear_early,0.025,103,3,1.7927759668933754,1.1515252715218496,66323c43b801b26bf2f0
matched_depth12,linear_early,0.025,103,4,1.4836488022583059,1.3009012959270363,66323c43b801b26bf2f0
matched_depth12,linear_early,0.025,103,5,1.1013757174207912,0.9304116057561017,66323c43b801b26bf2f0
matched_depth12,linear_early,0.025,103,6,0.9703822683755153,0.5436287416657607,66323c43b801b26bf2f0
matched_depth12,linear_early,0.025,103,7,0.8221086354308988,0.38728951092551894,66323c43b801b26bf2f0
matched_depth12,linear_early,0.025,103,8,0.7403875122107715,0.40972848156809094,66323c43b801b26bf2f0
matched_depth12,linear_early,0.025,103,9,0.5341438015943922,0.2689237911469297,66323c43b801b26bf2f0
matched_depth12,linear_early,0.025,103,10,0.5364461649028572,0.36905772220396416,66323c43b801b26bf2f0
matched_depth12,linear_early,0.025,103,11,0.5148341480324605,0.47852298236520696,66323c43b801b26bf2f0
matched_depth12,linear_early,0.025,103,12,0.446359428792448,0.3184471609236273,66323c43b801b26bf2f0
matched_depth12,linear_early,0.025,103,13,0.3901654725178699,0.20303577498535974,66323c43b801b26bf2f0
matched_depth12,linear_early,0.025,103,14,0.4162578023449407,0.19666153064939967,66323c43b801b26bf2f0
matched_depth12,linear_early,0.025,103,15,0.4119670716172619,0.3837190655237951,66323c43b801b26bf2f0
matched_depth12,linear_early,0.025,103,16,0.3213594419218488,0.19782349559295717,66323c43b801b26bf2f0
matched_depth12,linear_early,0.025,103,17,0.3241323284242567,0.18745444788221502,66323c43b801b26bf2f0
matched_depth12,linear_early,0.025,103,18,0.2974031633913815,0.18869079877774425,66323c43b801b26bf2f0
matched_depth12,linear_early,0.025,103,19,0.2878714676606602,0.18659354382842191,66323c43b801b26bf2f0
matched_depth12,linear_early,0.025,103,20,0.25474498407389556,0.30120735670460064,66323c43b801b26bf2f0
matched_depth12,linear_early,0.025,103,21,0.25046362753642415,0.2096517742976795,66323c43b801b26bf2f0
matched_depth12,linear_early,0.025,103,22,0.24276619712778916,0.21512138364938022,66323c43b801b26bf2f0
matched_depth12,linear_early,0.025,103,23,0.22584210821570333,0.19794055725911494,66323c43b801b26bf2f0
matched_depth12,linear_early,0.025,103,24,0.2237223381173638,0.19159215348842656,66323c43b801b26bf2f0
matched_depth12,linear_early,0.025,103,25,0.2132502254285673,0.1958574873643955,66323c43b801b26bf2f0
matched_depth12,linear_early,0.025,103,26,0.20819396242440832,0.18946537253417742,66323c43b801b26bf2f0
matched_depth12,linear_early,0.025,103,27,0.20654647418961397,0.18194002448464994,66323c43b801b26bf2f0
matched_depth12,linear_early,0.025,103,28,0.20348628973502364,0.18516055144434246,66323c43b801b26bf2f0
matched_depth12,linear_early,0.025,103,29,0.20232098211873686,0.18585653436660604,66323c43b801b26bf2f0
matched_depth12,linear_late,0.05,100,0,33.15160039403586,3.6425718996443597,35dbdb1acf1097f48868
matched_depth12,linear_late,0.05,100,1,2.4998487026809597,0.915735770441623,35dbdb1acf1097f48868
matched_depth12,linear_late,0.05,100,2,1.8594374631034198,0.6267121507288661,35dbdb1acf1097f48868
matched_depth12,linear_late,0.05,100,3,0.8172644118934672,0.49275336493051425,35dbdb1acf1097f48868
matched_depth12,linear_late,0.05,100,4,0.7382319160126545,0.5716669419902861,35dbdb1acf1097f48868
matched_depth12,linear_late,0.05,100,5,0.6688459250818866,0.32030377901640916,35dbdb1acf1097f48868
matched_depth12,linear_late,0.05,100,6,0.6608840744298918,1.0254616691230263,35dbdb1acf1097f48868
matched_depth12,linear_late,0.05,100,7,0.7469834774474121,0.6331616128660528,35dbdb1acf1097f48868
matched_depth12,linear_late,0.05,100,8,0.6784149049016637,0.7125034721466792,35dbdb1acf1097f48868
matched_depth12,linear_late,0.05,100,9,0.6504033235024852,0.39295676014471426,35dbdb1acf1097f48868
matched_depth12,linear_late,0.05,100,10,0.6198180705010301,0.3350651494869317,35dbdb1acf1097f48868
matched_depth12,linear_late,0.05,100,11,0.6040006247792747,0.5074699418006692,35dbdb1acf1097f48868
matched_depth12,linear_late,0.05,100,12,0.5083704827408885,0.2866453620902533,35dbdb1acf1097f48868
matched_depth12,linear_late,0.05,100,13,0.46224744070847174,0.41722579862712356,35dbdb1acf1097f48868
matched_depth12,linear_late,0.05,100,14,0.4843126249766184,0.38668476341379465,35dbdb1acf1097f48868
matched_depth12,linear_late,0.05,100,15,0.4337335364808988,0.37242129450277556,35dbdb1acf1097f48868
matched_depth12,linear_late,0.05,100,16,0.4284636095099968,0.5304996480401284,35dbdb1acf1097f48868
matched_depth12,linear_late,0.05,100,17,0.37651700172116104,0.27041362667948604,35dbdb1acf1097f48868
matched_depth12,linear_late,0.05,100,18,0.3690166147313733,0.18932363272928604,35dbdb1acf1097f48868
matched_depth12,linear_late,0.05,100,19,0.3182649660652609,0.2510332489507314,35dbdb1acf1097f48868
matched_depth12,linear_late,0.05,100,20,0.30126413438351013,0.2911830301033773,35dbdb1acf1097f48868
matched_depth12,linear_late,0.05,100,21,0.2914837221734533,0.20312533117893317,35dbdb1acf1097f48868
matched_depth12,linear_late,0.05,100,22,0.25626353620954795,0.18604225089088952,35dbdb1acf1097f48868
matched_depth12,linear_late,0.05,100,23,0.251800616358558,0.23645544798059806,35dbdb1acf1097f48868
matched_depth12,linear_late,0.05,100,24,0.24061636321514435,0.23067485520648606,35dbdb1acf1097f48868
matched_depth12,linear_late,0.05,100,25,0.23472652213356354,0.19537142147908815,35dbdb1acf1097f48868
matched_depth12,linear_late,0.05,100,26,0.2275330600078217,0.19067792320331614,35dbdb1acf1097f48868
matched_depth12,linear_late,0.05,100,27,0.22252713766157337,0.1830264566920668,35dbdb1acf1097f48868
matched_depth12,linear_late,0.05,100,28,0.2201076066782781,0.1833349651464382,35dbdb1acf1097f48868
matched_depth12,linear_late,0.05,100,29,0.21910800741215497,0.18418628776800564,35dbdb1acf1097f48868
matched_depth12,linear_late,0.05,101,0,29.373028491430226,1.1046192559461725,2d5b0a02f03dbbbcc378
matched_depth12,linear_late,0.05,101,1,2.148177313040523,0.8444671341331285,2d5b0a02f03dbbbcc378
matched_depth12,linear_late,0.05,101,2,1.655991523560857,0.6172234336031566,2d5b0a02f03dbbbcc378
matched_depth12,linear_late,0.05,101,3,0.805667192776181,0.6326915932345979,2d5b0a02f03dbbbcc378
matched_depth12,linear_late,0.05,101,4,0.8288818956950643,0.8334490518402575,2d5b0a02f03dbbbcc378
matched_depth12,linear_late,0.05,101,5,0.6762016109423459,0.3027894856342138,2d5b0a02f03dbbbcc378
matched_depth12,linear_late,0.05,101,6,0.6833244872672639,0.42746785476396976,2d5b0a02f03dbbbcc378
matched_depth12,linear_late,0.05,101,7,0.7161368591977211,0.4415939938072083,2d5b0a02f03dbbbcc378
matched_depth12,linear_late,0.05,101,8,0.688071830033673,0.24385774031985427,2d5b0a02f03dbbbcc378
matched_depth12,linear_late,0.05,101,9,0.6586195796385054,0.4338459132923308,2d5b0a02f03dbbbcc378
matched_depth12,linear_late,0.05,101,10,0.5779219666287149,0.33144160051935656,2d5b0a02f03dbbbcc378
matched_depth12,linear_late,0.05,101,11,0.5732265937949528,0.5024830739087459,2d5b0a02f03dbbbcc378
matched_depth12,linear_late,0.05,101,12,0.5410829064987076,0.8307574325381607,2d5b0a02f03dbbbcc378
matched_depth12,linear_late,0.05,101,13,0.5377194748922339,0.3509538668895718,2d5b0a02f03dbbbcc378
matched_depth12,linear_late,0.05,101,14,0.4887330021578464,0.2326207436040823,2d5b0a02f03dbbbcc378
matched_depth12,linear_late,0.05,101,15,0.45302232845205387,0.4066119881634018,2d5b0a02f03dbbbcc378
matched_depth12,linear_late,0.05,101,16,0.4432812434153694,0.20117602010160857,2d5b0a02f03dbbbcc378
matched_depth12,linear_late,0.05,101,17,0.42840703169869604,0.3097879394017037,2d5b0a02f03dbbbcc378
matched_depth12,linear_late,0.05,101,18,0.3726789753504905,0.26285419711722285,2d5b0a02f03dbbbcc378
matched_depth12,linear_late,0.05,101,19,0.33915097865800165,0.20460508371197203,2d5b0a02f03dbbbcc378
matched_depth12,linear_late,0.05,101,20,0.31018424694201696,0.2178426324700875,2d5b0a02f03dbbbcc378
matched_depth12,linear_late,0.05,101,21,0.29169211075254775,0.2566727863785238,2d5b0a02f03dbbbcc378
matched_depth12,linear_late,0.05,101,22,0.2836799678309245,0.22844980883496727,2d5b0a02f03dbbbcc378
matched_depth12,linear_late,0.05,101,23,0.2681865083863603,0.1885374712241495,2d5b0a02f03dbbbcc378
matched_depth12,linear_late,0.05,101,24,0.2664584725896639,0.1885821507747789,2d5b0a02f03dbbbcc378
matched_depth12,linear_late,0.05,101,25,0.25056205606946996,0.20290357702804496,2d5b0a02f03dbbbcc378
matched_depth12,linear_late,0.05,101,26,0.2471810615006882,0.19761827383404781,2d5b0a02f03dbbbcc378
matched_depth12,linear_late,0.05,101,27,0.24084443523614443,0.1892072812664696,2d5b0a02f03dbbbcc378
matched_depth12,linear_late,0.05,101,28,0.23857510355260045,0.18439999976465243,2d5b0a02f03dbbbcc378
matched_depth12,linear_late,0.05,101,29,0.23664554954686828,0.18695164707032,2d5b0a02f03dbbbcc378
matched_depth12,linear_late,0.05,102,0,33.43040926438985,1.5086118200767225,fc74b02a4fa033ff54b9
matched_depth12,linear_late,0.05,102,1,2.0826572926493663,3.099356291106188,fc74b02a4fa033ff54b9
matched_depth12,linear_late,0.05,102,2,1.4752038428995602,0.7397214615105289,fc74b02a4fa033ff54b9
matched_depth12,linear_late,0.05,102,3,0.8609675856282811,0.47855067449143307,fc74b02a4fa033ff54b9
matched_depth12,linear_late,0.05,102,4,0.7883293814079754,0.944200398207959,fc74b02a4fa033ff54b9
matched_depth12,linear_late,0.05,102,5,0.756265132170711,0.8159806556622555,fc74b02a4fa033ff54b9
matched_depth12,linear_late,0.05,102,6,0.7854340613715312,0.9547848889192648,fc74b02a4fa033ff54b9
matched_depth12,linear_late,0.05,102,7,0.7531976300129218,0.6659983393980172,fc74b02a4fa033ff54b9
matched_depth12,linear_late,0.05,102,8,0.6487074686468569,0.2969389330435307,fc74b02a4fa033ff54b9
matched_depth12,linear_late,0.05,102,9,0.644176346267239,0.2793713611664448,fc74b02a4fa033ff54b9
matched_depth12,linear_late,0.05,102,10,0.6088808232491442,0.8361451185098943,fc74b02a4fa033ff54b9
matched_depth12,linear_late,0.05,102,11,0.5813597932618965,0.2302533643313476,fc74b02a4fa033ff54b9
matched_depth12,linear_late,0.05,102,12,0.5389980906183182,0.49276351935200774,fc74b02a4fa033ff54b9
matched_depth12,linear_late,0.05,102,13,0.5158680015462638,0.35729983405990934,fc74b02a4fa033ff54b9
matched_depth12,linear_late,0.05,102,14,0.4909089228061146,0.4862968062500993,fc74b02a4fa033ff54b9
matched_depth12,linear_late,0.05,102,15,0.43086485466246693,0.2217248310689551,fc74b02a4fa033ff54b9
matched_depth12,linear_late,0.05,102,16,0.4277123181961768,0.5294342058015753,fc74b02a4fa033ff54b9
matched_depth12,linear_late,0.05,102,17,0.4137311687172068,0.20687067966093114,fc74b02a4fa033ff54b9
matched_depth12,linear_late,0.05,102,18,0.34346133792308586,0.21135995848898,fc74b02a4fa033ff54b9
matched_depth12,linear_late,0.05,102,19,0.34063084514129544,0.253156644824305,fc74b02a4fa033ff54b9
matched_depth12,linear_late,0.05,102,20,0.3119661847948392,0.20599778997357726,fc74b02a4fa033ff54b9
matched_depth12,linear_late,0.05,102,21,0.27868274507375196,0.2829219639325083,fc74b02a4fa033ff54b9
matched_depth12,linear_late,0.05,102,22,0.27242835836770884,0.19439419836270544,fc74b02a4fa033ff54b9
matched_depth12,linear_late,0.05,102,23,0.2636388633741237,0.18684176633665972,fc74b02a4fa033ff54b9
matched_depth12,linear_late,0.05,102,24,0.2525432103516187,0.21721631638443967,fc74b02a4fa033ff54b9
matched_depth12,linear_late,0.05,102,25,0.24253092621236164,0.1887582539098016,fc74b02a4fa033ff54b9
matched_depth12,linear_late,0.05,102,26,0.24249693679445677,0.19029342208857164,fc74b02a4fa033ff54b9
matched_depth12,linear_late,0.05,102,27,0.23575153914513913,0.1885934331558809,fc74b02a4fa033ff54b9
matched_depth12,linear_late,0.05,102,28,0.23187802995647291,0.18459730471574667,fc74b02a4fa033ff54b9
matched_depth12,linear_late,0.05,102,29,0.23090417861134352,0.18369530861821926,fc74b02a4fa033ff54b9
matched_depth12,linear_late,0.05,103,0,31.650072673883468,0.6782464640418303,4128906171af266f10a6
matched_depth12,linear_late,0.05,103,1,1.993559325693343,0.6760259040184117,4128906171af266f10a6
matched_depth12,linear_late,0.05,103,2,1.7435820834148457,5.653590868291948,4128906171af266f10a6
matched_depth12,linear_late,0.05,103,3,0.8837992104481608,0.8570608144473678,4128906171af266f10a6
matched_depth12,linear_late,0.05,103,4,0.7347726188080115,0.23429684865979236,4128906171af266f10a6
matched_depth12,linear_late,0.05,103,5,0.7241594222756781,0.5993223760611052,4128906171af266f10a6
matched_depth12,linear_late,0.05,103,6,0.6694980713791205,0.21823926949260453,4128906171af266f10a6
matched_depth12,linear_late,0.05,103,7,0.6958072166070998,0.23970929421074583,4128906171af266f10a6
matched_depth12,linear_late,0.05,103,8,0.7172654391241112,0.5145006140420892,4128906171af266f10a6
matched_depth12,linear_late,0.05,103,9,0.6004806360401563,0.6366397712472484,4128906171af266f10a6
matched_depth12,linear_late,0.05,103,10,0.6161875031227414,0.6907612370964619,4128906171af266f10a6
matched_depth12,linear_late,0.05,103,11,0.5979513460366778,0.22290029502342035,4128906171af266f10a6
matched_depth12,linear_late,0.05,103,12,0.5370112006095016,0.35427976763420693,4128906171af266f10a6
matched_depth12,linear_late,0.05,103,13,0.46892520788821207,0.31837730112719426,4128906171af266f10a6
matched_depth12,linear_late,0.05,103,14,0.4835209680381885,0.23486191495296158,4128906171af266f10a6
matched_depth12,linear_late,0.05,103,15,0.41227914265767407,0.8426396013521535,4128906171af266f10a6
matched_depth12,linear_late,0.05,103,16,0.41584936165310854,0.23091053227119648,4128906171af266f10a6
matched_depth12,linear_late,0.05,103,17,0.3913901086727318,0.3312899368430104,4128906171af266f10a6
matched_depth12,linear_late,0.05,103,18,0.3734016635462554,0.23435522202721132,4128906171af266f10a6
matched_depth12,linear_late,0.05,103,19,0.32913821900728,0.20761180379316108,4128906171af266f10a6
matched_depth12,linear_late,0.05,103,20,0.32214558591870096,0.21559157055126812,4128906171af266f10a6
matched_depth12,linear_late,0.05,103,21,0.29196381402726057,0.20469959148710504,4128906171af266f10a6
matched_depth12,linear_late,0.05,103,22,0.2761872187785639,0.20970245426828785,4128906171af266f10a6
matched_depth12,linear_late,0.05,103,23,0.2690329651613256,0.19729765068786934,4128906171af266f10a6
matched_depth12,linear_late,0.05,103,24,0.24755349655142178,0.18451398122904933,4128906171af266f10a6
matched_depth12,linear_late,0.05,103,25,0.23068148522831375,0.183283986861755,4128906171af266f10a6
matched_depth12,linear_late,0.05,103,26,0.2270950286636169,0.18462229688355078,4128906171af266f10a6
matched_depth12,linear_late,0.05,103,27,0.21951897499963594,0.18306702567619493,4128906171af266f10a6
matched_depth12,linear_late,0.05,103,28,0.2183486798322672,0.18257066220047183,4128906171af266f10a6
matched_depth12,linear_late,0.05,103,29,0.217660461392008,0.18375822778151404,4128906171af266f10a6
matched_depth12,linear_late,0.05,104,0,31.91710913911934,1.7723593500507808,2f4d1afe1762dbea17e0
matched_depth12,linear_late,0.05,104,1,2.0660461084543438,1.694285485343589,2f4d1afe1762dbea17e0
matched_depth12,linear_late,0.05,104,2,1.6792103055190262,0.4031163014402447,2f4d1afe1762dbea17e0
matched_depth12,linear_late,0.05,104,3,0.8137035552660048,0.38481948801720106,2f4d1afe1762dbea17e0
matched_depth12,linear_late,0.05,104,4,0.7488972778261467,0.6333189711370666,2f4d1afe1762dbea17e0
matched_depth12,linear_late,0.05,104,5,0.7160711314697362,0.38797244236879014,2f4d1afe1762dbea17e0
matched_depth12,linear_late,0.05,104,6,0.7222660755804565,0.39554299799651566,2f4d1afe1762dbea17e0
matched_depth12,linear_late,0.05,104,7,0.6960071095756089,0.6799729643169168,2f4d1afe1762dbea17e0
matched_depth12,linear_late,0.05,104,8,0.7462670031851716,1.5614726733177529,2f4d1afe1762dbea17e0
matched_depth12,linear_late,0.05,104,9,0.6292727246850732,0.5208651350601985,2f4d1afe1762dbea17e0
matched_depth12,linear_late,0.05,104,10,0.6077617463278943,0.3578731063882191,2f4d1afe1762dbea17e0
matched_depth12,linear_late,0.05,104,11,0.5833818991970523,0.3563039278512495,2f4d1afe1762dbea17e0
matched_depth12,linear_late,0.05,104,12,0.5554441301391375,0.26474132261064315,2f4d1afe1762dbea17e0
matched_depth12,linear_late,0.05,104,13,0.46773980481258065,0.4927589655159279,2f4d1afe1762dbea17e0
matched_depth12,linear_late,0.05,104,14,0.49351905665044227,0.6244921663397296,2f4d1afe1762dbea17e0
matched_depth12,linear_late,0.05,104,15,0.4616986680617426,0.27101759782878476,2f4d1afe1762dbea17e0
matched_depth12,linear_late,0.05,104,16,0.421409752689181,0.2800541995920665,2f4d1afe1762dbea17e0
matched_depth12,linear_late,0.05,104,17,0.3783805352494317,0.22566784786121902,2f4d1afe1762dbea17e0
matched_depth12,linear_late,0.05,104,18,0.3778719068012666,0.24274658276744257,2f4d1afe1762dbea17e0
matched_depth12,linear_late,0.05,104,19,0.3475812707215961,0.24349773194661528,2f4d1afe1762dbea17e0
matched_depth12,linear_late,0.05,104,20,0.33598074042760895,0.2610672874900997,2f4d1afe1762dbea17e0
matched_depth12,linear_late,0.05,104,21,0.33877777680310756,0.209418414186679,2f4d1afe1762dbea17e0
matched_depth12,linear_late,0.05,104,22,0.2842139960379701,0.1925954538606338,2f4d1afe1762dbea17e0
matched_depth12,linear_late,0.05,104,23,0.25764220428067947,0.18583326542998574,2f4d1afe1762dbea17e0
matched_depth12,linear_late,0.05,104,24,0.25319051266038944,0.18346181045004226,2f4d1afe1762dbea17e0
matched_depth12,linear_late,0.05,104,25,0.24367214970647405,0.1877808979823752,2f4d1afe1762dbea17e0
matched_depth12,linear_late,0.05,104,26,0.23424359698613118,0.18372283065357425,2f4d1afe1762dbea17e0
matched_depth12,linear_late,0.05,104,27,0.22490082026098623,0.18438971625563044,2f4d1afe1762dbea17e0
matched_depth12,linear_late,0.05,104,28,0.22078536987455383,0.1839302495749951,2f4d1afe1762dbea17e0
matched_depth12,linear_late,0.05,104,29,0.21972520009468646,0.1837771274880113,2f4d1afe1762dbea17e0
